,jurisdiction,year,week,number_of_deaths,last_week
0,Alabama,2020,1,1078,2020W41
1,Alabama,2020,2,1124,2020W41
2,Alabama,2020,3,1039,2020W41
3,Alabama,2020,4,1053,2020W41
4,Alabama,2020,5,1024,2020W41
5,Alabama,2020,6,1117,2020W41
6,Alabama,2020,7,1093,2020W41
7,Alabama,2020,8,1096,2020W41
8,Alabama,2020,9,1161,2020W41
9,Alabama,2020,10,1053,2020W41
10,Alabama,2020,11,1087,2020W41
11,Alabama,2020,12,1057,2020W41
12,Alabama,2020,13,1071,2020W41
13,Alabama,2020,14,1153,2020W41
14,Alabama,2020,15,1132,2020W41
15,Alabama,2020,16,1139,2020W41
16,Alabama,2020,17,1135,2020W41
17,Alabama,2020,18,1146,2020W41
18,Alabama,2020,19,1165,2020W41
19,Alabama,2020,20,1143,2020W41
20,Alabama,2020,21,1146,2020W41
21,Alabama,2020,22,1101,2020W41
22,Alabama,2020,23,1163,2020W41
23,Alabama,2020,24,1132,2020W41
24,Alabama,2020,25,1082,2020W41
25,Alabama,2020,26,1140,2020W41
26,Alabama,2020,27,1192,2020W41
27,Alabama,2020,28,1244,2020W41
28,Alabama,2020,29,1276,2020W41
29,Alabama,2020,30,1316,2020W41
30,Alabama,2020,31,1346,2020W41
31,Alabama,2020,32,1345,2020W41
32,Alabama,2020,33,1272,2020W41
33,Alabama,2020,34,1256,2020W41
34,Alabama,2020,35,1172,2020W41
35,Alabama,2020,36,1164,2020W41
36,Alabama,2020,37,1161,2020W41
37,Alabama,2020,38,1091,2020W41
38,Alabama,2020,39,1010,2020W41
39,Alabama,2020,40,846,2020W41
40,Alabama,2020,41,649,2020W41
41,Alaska,2020,1,89,2020W41
42,Alaska,2020,2,105,2020W41
43,Alaska,2020,3,99,2020W41
44,Alaska,2020,4,97,2020W41
45,Alaska,2020,5,85,2020W41
46,Alaska,2020,6,92,2020W41
47,Alaska,2020,7,89,2020W41
48,Alaska,2020,8,83,2020W41
49,Alaska,2020,9,84,2020W41
50,Alaska,2020,10,79,2020W41
51,Alaska,2020,11,92,2020W41
52,Alaska,2020,12,69,2020W41
53,Alaska,2020,13,85,2020W41
54,Alaska,2020,14,98,2020W41
55,Alaska,2020,15,83,2020W41
56,Alaska,2020,16,80,2020W41
57,Alaska,2020,17,61,2020W41
58,Alaska,2020,18,86,2020W41
59,Alaska,2020,19,89,2020W41
60,Alaska,2020,20,83,2020W41
61,Alaska,2020,21,80,2020W41
62,Alaska,2020,22,97,2020W41
63,Alaska,2020,23,78,2020W41
64,Alaska,2020,24,88,2020W41
65,Alaska,2020,25,90,2020W41
66,Alaska,2020,26,87,2020W41
67,Alaska,2020,27,82,2020W41
68,Alaska,2020,28,99,2020W41
69,Alaska,2020,29,88,2020W41
70,Alaska,2020,30,88,2020W41
71,Alaska,2020,31,111,2020W41
72,Alaska,2020,32,97,2020W41
73,Alaska,2020,33,69,2020W41
74,Alaska,2020,34,106,2020W41
75,Alaska,2020,35,80,2020W41
76,Alaska,2020,36,88,2020W41
77,Alaska,2020,37,63,2020W41
78,Alaska,2020,38,75,2020W41
79,Alaska,2020,39,69,2020W41
80,Alaska,2020,40,36,2020W41
81,Alaska,2020,41,33,2020W41
82,Arizona,2020,1,1299,2020W41
83,Arizona,2020,2,1389,2020W41
84,Arizona,2020,3,1315,2020W41
85,Arizona,2020,4,1275,2020W41
86,Arizona,2020,5,1265,2020W41
87,Arizona,2020,6,1263,2020W41
88,Arizona,2020,7,1311,2020W41
89,Arizona,2020,8,1341,2020W41
90,Arizona,2020,9,1352,2020W41
91,Arizona,2020,10,1380,2020W41
92,Arizona,2020,11,1349,2020W41
93,Arizona,2020,12,1290,2020W41
94,Arizona,2020,13,1323,2020W41
95,Arizona,2020,14,1356,2020W41
96,Arizona,2020,15,1403,2020W41
97,Arizona,2020,16,1316,2020W41
98,Arizona,2020,17,1383,2020W41
99,Arizona,2020,18,1398,2020W41
100,Arizona,2020,19,1427,2020W41
101,Arizona,2020,20,1305,2020W41
102,Arizona,2020,21,1289,2020W41
103,Arizona,2020,22,1310,2020W41
104,Arizona,2020,23,1398,2020W41
105,Arizona,2020,24,1463,2020W41
106,Arizona,2020,25,1547,2020W41
107,Arizona,2020,26,1614,2020W41
108,Arizona,2020,27,1772,2020W41
109,Arizona,2020,28,1951,2020W41
110,Arizona,2020,29,1988,2020W41
111,Arizona,2020,30,1851,2020W41
112,Arizona,2020,31,1785,2020W41
113,Arizona,2020,32,1580,2020W41
114,Arizona,2020,33,1518,2020W41
115,Arizona,2020,34,1493,2020W41
116,Arizona,2020,35,1451,2020W41
117,Arizona,2020,36,1278,2020W41
118,Arizona,2020,37,1259,2020W41
119,Arizona,2020,38,1243,2020W41
120,Arizona,2020,39,1243,2020W41
121,Arizona,2020,40,1133,2020W41
122,Arizona,2020,41,1015,2020W41
123,Arkansas,2020,1,672,2020W41
124,Arkansas,2020,2,685,2020W41
125,Arkansas,2020,3,658,2020W41
126,Arkansas,2020,4,616,2020W41
127,Arkansas,2020,5,681,2020W41
128,Arkansas,2020,6,672,2020W41
129,Arkansas,2020,7,688,2020W41
130,Arkansas,2020,8,695,2020W41
131,Arkansas,2020,9,656,2020W41
132,Arkansas,2020,10,696,2020W41
133,Arkansas,2020,11,628,2020W41
134,Arkansas,2020,12,637,2020W41
135,Arkansas,2020,13,640,2020W41
136,Arkansas,2020,14,606,2020W41
137,Arkansas,2020,15,635,2020W41
138,Arkansas,2020,16,637,2020W41
139,Arkansas,2020,17,614,2020W41
140,Arkansas,2020,18,630,2020W41
141,Arkansas,2020,19,661,2020W41
142,Arkansas,2020,20,582,2020W41
143,Arkansas,2020,21,642,2020W41
144,Arkansas,2020,22,610,2020W41
145,Arkansas,2020,23,647,2020W41
146,Arkansas,2020,24,651,2020W41
147,Arkansas,2020,25,704,2020W41
148,Arkansas,2020,26,663,2020W41
149,Arkansas,2020,27,685,2020W41
150,Arkansas,2020,28,660,2020W41
151,Arkansas,2020,29,694,2020W41
152,Arkansas,2020,30,711,2020W41
153,Arkansas,2020,31,738,2020W41
154,Arkansas,2020,32,727,2020W41
155,Arkansas,2020,33,759,2020W41
156,Arkansas,2020,34,738,2020W41
157,Arkansas,2020,35,729,2020W41
158,Arkansas,2020,36,703,2020W41
159,Arkansas,2020,37,708,2020W41
160,Arkansas,2020,38,712,2020W41
161,Arkansas,2020,39,699,2020W41
162,Arkansas,2020,40,680,2020W41
163,Arkansas,2020,41,381,2020W41
164,California,2020,1,5887,2020W41
165,California,2020,2,5871,2020W41
166,California,2020,3,5828,2020W41
167,California,2020,4,5827,2020W41
168,California,2020,5,5683,2020W41
169,California,2020,6,5912,2020W41
170,California,2020,7,5584,2020W41
171,California,2020,8,5796,2020W41
172,California,2020,9,5680,2020W41
173,California,2020,10,5732,2020W41
174,California,2020,11,5461,2020W41
175,California,2020,12,5677,2020W41
176,California,2020,13,5687,2020W41
177,California,2020,14,5979,2020W41
178,California,2020,15,6043,2020W41
179,California,2020,16,6127,2020W41
180,California,2020,17,5933,2020W41
181,California,2020,18,5738,2020W41
182,California,2020,19,5664,2020W41
183,California,2020,20,5681,2020W41
184,California,2020,21,5527,2020W41
185,California,2020,22,5584,2020W41
186,California,2020,23,5507,2020W41
187,California,2020,24,5553,2020W41
188,California,2020,25,5476,2020W41
189,California,2020,26,5680,2020W41
190,California,2020,27,5884,2020W41
191,California,2020,28,6015,2020W41
192,California,2020,29,6205,2020W41
193,California,2020,30,6219,2020W41
194,California,2020,31,6306,2020W41
195,California,2020,32,6269,2020W41
196,California,2020,33,6248,2020W41
197,California,2020,34,6422,2020W41
198,California,2020,35,5830,2020W41
199,California,2020,36,5704,2020W41
200,California,2020,37,5787,2020W41
201,California,2020,38,5628,2020W41
202,California,2020,39,5348,2020W41
203,California,2020,40,5158,2020W41
204,California,2020,41,3860,2020W41
205,Colorado,2020,1,854,2020W41
206,Colorado,2020,2,872,2020W41
207,Colorado,2020,3,848,2020W41
208,Colorado,2020,4,852,2020W41
209,Colorado,2020,5,793,2020W41
210,Colorado,2020,6,846,2020W41
211,Colorado,2020,7,807,2020W41
212,Colorado,2020,8,880,2020W41
213,Colorado,2020,9,842,2020W41
214,Colorado,2020,10,821,2020W41
215,Colorado,2020,11,822,2020W41
216,Colorado,2020,12,890,2020W41
217,Colorado,2020,13,860,2020W41
218,Colorado,2020,14,967,2020W41
219,Colorado,2020,15,1096,2020W41
220,Colorado,2020,16,1105,2020W41
221,Colorado,2020,17,1065,2020W41
222,Colorado,2020,18,997,2020W41
223,Colorado,2020,19,905,2020W41
224,Colorado,2020,20,883,2020W41
225,Colorado,2020,21,847,2020W41
226,Colorado,2020,22,833,2020W41
227,Colorado,2020,23,820,2020W41
228,Colorado,2020,24,812,2020W41
229,Colorado,2020,25,859,2020W41
230,Colorado,2020,26,876,2020W41
231,Colorado,2020,27,785,2020W41
232,Colorado,2020,28,815,2020W41
233,Colorado,2020,29,808,2020W41
234,Colorado,2020,30,832,2020W41
235,Colorado,2020,31,810,2020W41
236,Colorado,2020,32,839,2020W41
237,Colorado,2020,33,830,2020W41
238,Colorado,2020,34,858,2020W41
239,Colorado,2020,35,814,2020W41
240,Colorado,2020,36,738,2020W41
241,Colorado,2020,37,841,2020W41
242,Colorado,2020,38,798,2020W41
243,Colorado,2020,39,826,2020W41
244,Colorado,2020,40,741,2020W41
245,Colorado,2020,41,638,2020W41
246,Connecticut,2020,1,632,2020W41
247,Connecticut,2020,2,629,2020W41
248,Connecticut,2020,3,639,2020W41
249,Connecticut,2020,4,652,2020W41
250,Connecticut,2020,5,680,2020W41
251,Connecticut,2020,6,647,2020W41
252,Connecticut,2020,7,632,2020W41
253,Connecticut,2020,8,647,2020W41
254,Connecticut,2020,9,632,2020W41
255,Connecticut,2020,10,621,2020W41
256,Connecticut,2020,11,626,2020W41
257,Connecticut,2020,12,660,2020W41
258,Connecticut,2020,13,736,2020W41
259,Connecticut,2020,14,875,2020W41
260,Connecticut,2020,15,1249,2020W41
261,Connecticut,2020,16,1377,2020W41
262,Connecticut,2020,17,1330,2020W41
263,Connecticut,2020,18,1162,2020W41
264,Connecticut,2020,19,1048,2020W41
265,Connecticut,2020,20,944,2020W41
266,Connecticut,2020,21,813,2020W41
267,Connecticut,2020,22,748,2020W41
268,Connecticut,2020,23,658,2020W41
269,Connecticut,2020,24,625,2020W41
270,Connecticut,2020,25,571,2020W41
271,Connecticut,2020,26,589,2020W41
272,Connecticut,2020,27,542,2020W41
273,Connecticut,2020,28,602,2020W41
274,Connecticut,2020,29,558,2020W41
275,Connecticut,2020,30,574,2020W41
276,Connecticut,2020,31,535,2020W41
277,Connecticut,2020,32,571,2020W41
278,Connecticut,2020,33,544,2020W41
279,Connecticut,2020,34,526,2020W41
280,Connecticut,2020,35,491,2020W41
281,Connecticut,2020,36,465,2020W41
282,Connecticut,2020,37,400,2020W41
283,Connecticut,2020,38,249,2020W41
284,Connecticut,2020,39,98,2020W41
285,Connecticut,2020,40,31,2020W41
286,Connecticut,2020,41,,2020W41
287,Delaware,2020,1,199,2020W41
288,Delaware,2020,2,193,2020W41
289,Delaware,2020,3,190,2020W41
290,Delaware,2020,4,190,2020W41
291,Delaware,2020,5,183,2020W41
292,Delaware,2020,6,191,2020W41
293,Delaware,2020,7,202,2020W41
294,Delaware,2020,8,193,2020W41
295,Delaware,2020,9,164,2020W41
296,Delaware,2020,10,200,2020W41
297,Delaware,2020,11,189,2020W41
298,Delaware,2020,12,221,2020W41
299,Delaware,2020,13,188,2020W41
300,Delaware,2020,14,214,2020W41
301,Delaware,2020,15,219,2020W41
302,Delaware,2020,16,227,2020W41
303,Delaware,2020,17,285,2020W41
304,Delaware,2020,18,250,2020W41
305,Delaware,2020,19,269,2020W41
306,Delaware,2020,20,276,2020W41
307,Delaware,2020,21,222,2020W41
308,Delaware,2020,22,226,2020W41
309,Delaware,2020,23,180,2020W41
310,Delaware,2020,24,199,2020W41
311,Delaware,2020,25,158,2020W41
312,Delaware,2020,26,198,2020W41
313,Delaware,2020,27,200,2020W41
314,Delaware,2020,28,192,2020W41
315,Delaware,2020,29,187,2020W41
316,Delaware,2020,30,199,2020W41
317,Delaware,2020,31,195,2020W41
318,Delaware,2020,32,193,2020W41
319,Delaware,2020,33,181,2020W41
320,Delaware,2020,34,185,2020W41
321,Delaware,2020,35,184,2020W41
322,Delaware,2020,36,195,2020W41
323,Delaware,2020,37,181,2020W41
324,Delaware,2020,38,139,2020W41
325,Delaware,2020,39,165,2020W41
326,Delaware,2020,40,134,2020W41
327,Delaware,2020,41,84,2020W41
328,District of Columbia,2020,1,132,2020W41
329,District of Columbia,2020,2,128,2020W41
330,District of Columbia,2020,3,140,2020W41
331,District of Columbia,2020,4,131,2020W41
332,District of Columbia,2020,5,143,2020W41
333,District of Columbia,2020,6,131,2020W41
334,District of Columbia,2020,7,122,2020W41
335,District of Columbia,2020,8,104,2020W41
336,District of Columbia,2020,9,135,2020W41
337,District of Columbia,2020,10,118,2020W41
338,District of Columbia,2020,11,114,2020W41
339,District of Columbia,2020,12,129,2020W41
340,District of Columbia,2020,13,130,2020W41
341,District of Columbia,2020,14,156,2020W41
342,District of Columbia,2020,15,193,2020W41
343,District of Columbia,2020,16,202,2020W41
344,District of Columbia,2020,17,241,2020W41
345,District of Columbia,2020,18,215,2020W41
346,District of Columbia,2020,19,214,2020W41
347,District of Columbia,2020,20,185,2020W41
348,District of Columbia,2020,21,181,2020W41
349,District of Columbia,2020,22,168,2020W41
350,District of Columbia,2020,23,149,2020W41
351,District of Columbia,2020,24,147,2020W41
352,District of Columbia,2020,25,132,2020W41
353,District of Columbia,2020,26,128,2020W41
354,District of Columbia,2020,27,121,2020W41
355,District of Columbia,2020,28,138,2020W41
356,District of Columbia,2020,29,121,2020W41
357,District of Columbia,2020,30,124,2020W41
358,District of Columbia,2020,31,128,2020W41
359,District of Columbia,2020,32,114,2020W41
360,District of Columbia,2020,33,114,2020W41
361,District of Columbia,2020,34,109,2020W41
362,District of Columbia,2020,35,135,2020W41
363,District of Columbia,2020,36,133,2020W41
364,District of Columbia,2020,37,119,2020W41
365,District of Columbia,2020,38,98,2020W41
366,District of Columbia,2020,39,99,2020W41
367,District of Columbia,2020,40,97,2020W41
368,District of Columbia,2020,41,64,2020W41
369,Florida,2020,1,4341,2020W41
370,Florida,2020,2,4408,2020W41
371,Florida,2020,3,4384,2020W41
372,Florida,2020,4,4387,2020W41
373,Florida,2020,5,4419,2020W41
374,Florida,2020,6,4385,2020W41
375,Florida,2020,7,4359,2020W41
376,Florida,2020,8,4415,2020W41
377,Florida,2020,9,4398,2020W41
378,Florida,2020,10,4520,2020W41
379,Florida,2020,11,4435,2020W41
380,Florida,2020,12,4362,2020W41
381,Florida,2020,13,4461,2020W41
382,Florida,2020,14,4497,2020W41
383,Florida,2020,15,4545,2020W41
384,Florida,2020,16,4416,2020W41
385,Florida,2020,17,4553,2020W41
386,Florida,2020,18,4350,2020W41
387,Florida,2020,19,4407,2020W41
388,Florida,2020,20,4280,2020W41
389,Florida,2020,21,4361,2020W41
390,Florida,2020,22,4209,2020W41
391,Florida,2020,23,4263,2020W41
392,Florida,2020,24,4256,2020W41
393,Florida,2020,25,4406,2020W41
394,Florida,2020,26,4504,2020W41
395,Florida,2020,27,4725,2020W41
396,Florida,2020,28,5082,2020W41
397,Florida,2020,29,5508,2020W41
398,Florida,2020,30,5699,2020W41
399,Florida,2020,31,5784,2020W41
400,Florida,2020,32,5580,2020W41
401,Florida,2020,33,5505,2020W41
402,Florida,2020,34,5186,2020W41
403,Florida,2020,35,4999,2020W41
404,Florida,2020,36,4740,2020W41
405,Florida,2020,37,4488,2020W41
406,Florida,2020,38,4619,2020W41
407,Florida,2020,39,4373,2020W41
408,Florida,2020,40,4129,2020W41
409,Florida,2020,41,3592,2020W41
410,Georgia,2020,1,1801,2020W41
411,Georgia,2020,2,1799,2020W41
412,Georgia,2020,3,1741,2020W41
413,Georgia,2020,4,1824,2020W41
414,Georgia,2020,5,1790,2020W41
415,Georgia,2020,6,1776,2020W41
416,Georgia,2020,7,1753,2020W41
417,Georgia,2020,8,1741,2020W41
418,Georgia,2020,9,1851,2020W41
419,Georgia,2020,10,1749,2020W41
420,Georgia,2020,11,1780,2020W41
421,Georgia,2020,12,1769,2020W41
422,Georgia,2020,13,1873,2020W41
423,Georgia,2020,14,2026,2020W41
424,Georgia,2020,15,2027,2020W41
425,Georgia,2020,16,2015,2020W41
426,Georgia,2020,17,2027,2020W41
427,Georgia,2020,18,1965,2020W41
428,Georgia,2020,19,1977,2020W41
429,Georgia,2020,20,1948,2020W41
430,Georgia,2020,21,1893,2020W41
431,Georgia,2020,22,1759,2020W41
432,Georgia,2020,23,1759,2020W41
433,Georgia,2020,24,1716,2020W41
434,Georgia,2020,25,1749,2020W41
435,Georgia,2020,26,1776,2020W41
436,Georgia,2020,27,1850,2020W41
437,Georgia,2020,28,1931,2020W41
438,Georgia,2020,29,2116,2020W41
439,Georgia,2020,30,2116,2020W41
440,Georgia,2020,31,2118,2020W41
441,Georgia,2020,32,2122,2020W41
442,Georgia,2020,33,2162,2020W41
443,Georgia,2020,34,2140,2020W41
444,Georgia,2020,35,2005,2020W41
445,Georgia,2020,36,1894,2020W41
446,Georgia,2020,37,1837,2020W41
447,Georgia,2020,38,1657,2020W41
448,Georgia,2020,39,1616,2020W41
449,Georgia,2020,40,1349,2020W41
450,Georgia,2020,41,868,2020W41
451,Hawaii,2020,1,241,2020W41
452,Hawaii,2020,2,241,2020W41
453,Hawaii,2020,3,214,2020W41
454,Hawaii,2020,4,242,2020W41
455,Hawaii,2020,5,242,2020W41
456,Hawaii,2020,6,235,2020W41
457,Hawaii,2020,7,281,2020W41
458,Hawaii,2020,8,249,2020W41
459,Hawaii,2020,9,237,2020W41
460,Hawaii,2020,10,239,2020W41
461,Hawaii,2020,11,243,2020W41
462,Hawaii,2020,12,212,2020W41
463,Hawaii,2020,13,235,2020W41
464,Hawaii,2020,14,234,2020W41
465,Hawaii,2020,15,221,2020W41
466,Hawaii,2020,16,211,2020W41
467,Hawaii,2020,17,200,2020W41
468,Hawaii,2020,18,222,2020W41
469,Hawaii,2020,19,210,2020W41
470,Hawaii,2020,20,230,2020W41
471,Hawaii,2020,21,208,2020W41
472,Hawaii,2020,22,200,2020W41
473,Hawaii,2020,23,217,2020W41
474,Hawaii,2020,24,203,2020W41
475,Hawaii,2020,25,244,2020W41
476,Hawaii,2020,26,235,2020W41
477,Hawaii,2020,27,206,2020W41
478,Hawaii,2020,28,224,2020W41
479,Hawaii,2020,29,205,2020W41
480,Hawaii,2020,30,218,2020W41
481,Hawaii,2020,31,217,2020W41
482,Hawaii,2020,32,229,2020W41
483,Hawaii,2020,33,221,2020W41
484,Hawaii,2020,34,243,2020W41
485,Hawaii,2020,35,253,2020W41
486,Hawaii,2020,36,233,2020W41
487,Hawaii,2020,37,269,2020W41
488,Hawaii,2020,38,236,2020W41
489,Hawaii,2020,39,238,2020W41
490,Hawaii,2020,40,205,2020W41
491,Hawaii,2020,41,193,2020W41
492,Idaho,2020,1,278,2020W41
493,Idaho,2020,2,292,2020W41
494,Idaho,2020,3,293,2020W41
495,Idaho,2020,4,275,2020W41
496,Idaho,2020,5,249,2020W41
497,Idaho,2020,6,292,2020W41
498,Idaho,2020,7,279,2020W41
499,Idaho,2020,8,318,2020W41
500,Idaho,2020,9,290,2020W41
501,Idaho,2020,10,278,2020W41
502,Idaho,2020,11,282,2020W41
503,Idaho,2020,12,308,2020W41
504,Idaho,2020,13,332,2020W41
505,Idaho,2020,14,271,2020W41
506,Idaho,2020,15,306,2020W41
507,Idaho,2020,16,283,2020W41
508,Idaho,2020,17,262,2020W41
509,Idaho,2020,18,252,2020W41
510,Idaho,2020,19,304,2020W41
511,Idaho,2020,20,269,2020W41
512,Idaho,2020,21,261,2020W41
513,Idaho,2020,22,279,2020W41
514,Idaho,2020,23,292,2020W41
515,Idaho,2020,24,287,2020W41
516,Idaho,2020,25,282,2020W41
517,Idaho,2020,26,296,2020W41
518,Idaho,2020,27,281,2020W41
519,Idaho,2020,28,287,2020W41
520,Idaho,2020,29,312,2020W41
521,Idaho,2020,30,328,2020W41
522,Idaho,2020,31,327,2020W41
523,Idaho,2020,32,312,2020W41
524,Idaho,2020,33,319,2020W41
525,Idaho,2020,34,360,2020W41
526,Idaho,2020,35,327,2020W41
527,Idaho,2020,36,351,2020W41
528,Idaho,2020,37,320,2020W41
529,Idaho,2020,38,317,2020W41
530,Idaho,2020,39,285,2020W41
531,Idaho,2020,40,293,2020W41
532,Idaho,2020,41,243,2020W41
533,Illinois,2020,1,2189,2020W41
534,Illinois,2020,2,2252,2020W41
535,Illinois,2020,3,2231,2020W41
536,Illinois,2020,4,2199,2020W41
537,Illinois,2020,5,2138,2020W41
538,Illinois,2020,6,2231,2020W41
539,Illinois,2020,7,2218,2020W41
540,Illinois,2020,8,2206,2020W41
541,Illinois,2020,9,2209,2020W41
542,Illinois,2020,10,2253,2020W41
543,Illinois,2020,11,2192,2020W41
544,Illinois,2020,12,2281,2020W41
545,Illinois,2020,13,2302,2020W41
546,Illinois,2020,14,2621,2020W41
547,Illinois,2020,15,2868,2020W41
548,Illinois,2020,16,2912,2020W41
549,Illinois,2020,17,3008,2020W41
550,Illinois,2020,18,2950,2020W41
551,Illinois,2020,19,2961,2020W41
552,Illinois,2020,20,2863,2020W41
553,Illinois,2020,21,2636,2020W41
554,Illinois,2020,22,2546,2020W41
555,Illinois,2020,23,2507,2020W41
556,Illinois,2020,24,2268,2020W41
557,Illinois,2020,25,2253,2020W41
558,Illinois,2020,26,2129,2020W41
559,Illinois,2020,27,2180,2020W41
560,Illinois,2020,28,2189,2020W41
561,Illinois,2020,29,2086,2020W41
562,Illinois,2020,30,2032,2020W41
563,Illinois,2020,31,2067,2020W41
564,Illinois,2020,32,2135,2020W41
565,Illinois,2020,33,2118,2020W41
566,Illinois,2020,34,2139,2020W41
567,Illinois,2020,35,2102,2020W41
568,Illinois,2020,36,2180,2020W41
569,Illinois,2020,37,2063,2020W41
570,Illinois,2020,38,2049,2020W41
571,Illinois,2020,39,2252,2020W41
572,Illinois,2020,40,2043,2020W41
573,Illinois,2020,41,1997,2020W41
574,Indiana,2020,1,1469,2020W41
575,Indiana,2020,2,1386,2020W41
576,Indiana,2020,3,1389,2020W41
577,Indiana,2020,4,1421,2020W41
578,Indiana,2020,5,1378,2020W41
579,Indiana,2020,6,1362,2020W41
580,Indiana,2020,7,1429,2020W41
581,Indiana,2020,8,1407,2020W41
582,Indiana,2020,9,1447,2020W41
583,Indiana,2020,10,1369,2020W41
584,Indiana,2020,11,1399,2020W41
585,Indiana,2020,12,1326,2020W41
586,Indiana,2020,13,1483,2020W41
587,Indiana,2020,14,1579,2020W41
588,Indiana,2020,15,1627,2020W41
589,Indiana,2020,16,1507,2020W41
590,Indiana,2020,17,1592,2020W41
591,Indiana,2020,18,1522,2020W41
592,Indiana,2020,19,1575,2020W41
593,Indiana,2020,20,1566,2020W41
594,Indiana,2020,21,1468,2020W41
595,Indiana,2020,22,1373,2020W41
596,Indiana,2020,23,1385,2020W41
597,Indiana,2020,24,1385,2020W41
598,Indiana,2020,25,1346,2020W41
599,Indiana,2020,26,1373,2020W41
600,Indiana,2020,27,1329,2020W41
601,Indiana,2020,28,1346,2020W41
602,Indiana,2020,29,1368,2020W41
603,Indiana,2020,30,1305,2020W41
604,Indiana,2020,31,1344,2020W41
605,Indiana,2020,32,1320,2020W41
606,Indiana,2020,33,1347,2020W41
607,Indiana,2020,34,1333,2020W41
608,Indiana,2020,35,1316,2020W41
609,Indiana,2020,36,1220,2020W41
610,Indiana,2020,37,1259,2020W41
611,Indiana,2020,38,1308,2020W41
612,Indiana,2020,39,1299,2020W41
613,Indiana,2020,40,1188,2020W41
614,Indiana,2020,41,952,2020W41
615,Iowa,2020,1,664,2020W41
616,Iowa,2020,2,647,2020W41
617,Iowa,2020,3,620,2020W41
618,Iowa,2020,4,640,2020W41
619,Iowa,2020,5,615,2020W41
620,Iowa,2020,6,637,2020W41
621,Iowa,2020,7,600,2020W41
622,Iowa,2020,8,643,2020W41
623,Iowa,2020,9,642,2020W41
624,Iowa,2020,10,624,2020W41
625,Iowa,2020,11,636,2020W41
626,Iowa,2020,12,597,2020W41
627,Iowa,2020,13,595,2020W41
628,Iowa,2020,14,608,2020W41
629,Iowa,2020,15,596,2020W41
630,Iowa,2020,16,633,2020W41
631,Iowa,2020,17,585,2020W41
632,Iowa,2020,18,673,2020W41
633,Iowa,2020,19,700,2020W41
634,Iowa,2020,20,672,2020W41
635,Iowa,2020,21,617,2020W41
636,Iowa,2020,22,631,2020W41
637,Iowa,2020,23,597,2020W41
638,Iowa,2020,24,587,2020W41
639,Iowa,2020,25,574,2020W41
640,Iowa,2020,26,547,2020W41
641,Iowa,2020,27,595,2020W41
642,Iowa,2020,28,560,2020W41
643,Iowa,2020,29,597,2020W41
644,Iowa,2020,30,646,2020W41
645,Iowa,2020,31,641,2020W41
646,Iowa,2020,32,639,2020W41
647,Iowa,2020,33,654,2020W41
648,Iowa,2020,34,613,2020W41
649,Iowa,2020,35,674,2020W41
650,Iowa,2020,36,582,2020W41
651,Iowa,2020,37,611,2020W41
652,Iowa,2020,38,597,2020W41
653,Iowa,2020,39,583,2020W41
654,Iowa,2020,40,585,2020W41
655,Iowa,2020,41,535,2020W41
656,Kansas,2020,1,590,2020W41
657,Kansas,2020,2,560,2020W41
658,Kansas,2020,3,576,2020W41
659,Kansas,2020,4,572,2020W41
660,Kansas,2020,5,547,2020W41
661,Kansas,2020,6,503,2020W41
662,Kansas,2020,7,574,2020W41
663,Kansas,2020,8,559,2020W41
664,Kansas,2020,9,548,2020W41
665,Kansas,2020,10,575,2020W41
666,Kansas,2020,11,522,2020W41
667,Kansas,2020,12,514,2020W41
668,Kansas,2020,13,520,2020W41
669,Kansas,2020,14,547,2020W41
670,Kansas,2020,15,525,2020W41
671,Kansas,2020,16,546,2020W41
672,Kansas,2020,17,541,2020W41
673,Kansas,2020,18,523,2020W41
674,Kansas,2020,19,505,2020W41
675,Kansas,2020,20,529,2020W41
676,Kansas,2020,21,518,2020W41
677,Kansas,2020,22,506,2020W41
678,Kansas,2020,23,499,2020W41
679,Kansas,2020,24,515,2020W41
680,Kansas,2020,25,506,2020W41
681,Kansas,2020,26,521,2020W41
682,Kansas,2020,27,557,2020W41
683,Kansas,2020,28,503,2020W41
684,Kansas,2020,29,516,2020W41
685,Kansas,2020,30,538,2020W41
686,Kansas,2020,31,543,2020W41
687,Kansas,2020,32,598,2020W41
688,Kansas,2020,33,574,2020W41
689,Kansas,2020,34,511,2020W41
690,Kansas,2020,35,528,2020W41
691,Kansas,2020,36,563,2020W41
692,Kansas,2020,37,569,2020W41
693,Kansas,2020,38,543,2020W41
694,Kansas,2020,39,579,2020W41
695,Kansas,2020,40,537,2020W41
696,Kansas,2020,41,487,2020W41
697,Kentucky,2020,1,1093,2020W41
698,Kentucky,2020,2,1056,2020W41
699,Kentucky,2020,3,1040,2020W41
700,Kentucky,2020,4,941,2020W41
701,Kentucky,2020,5,977,2020W41
702,Kentucky,2020,6,955,2020W41
703,Kentucky,2020,7,954,2020W41
704,Kentucky,2020,8,992,2020W41
705,Kentucky,2020,9,1017,2020W41
706,Kentucky,2020,10,1005,2020W41
707,Kentucky,2020,11,1019,2020W41
708,Kentucky,2020,12,947,2020W41
709,Kentucky,2020,13,936,2020W41
710,Kentucky,2020,14,1045,2020W41
711,Kentucky,2020,15,1025,2020W41
712,Kentucky,2020,16,959,2020W41
713,Kentucky,2020,17,971,2020W41
714,Kentucky,2020,18,994,2020W41
715,Kentucky,2020,19,1004,2020W41
716,Kentucky,2020,20,992,2020W41
717,Kentucky,2020,21,992,2020W41
718,Kentucky,2020,22,985,2020W41
719,Kentucky,2020,23,914,2020W41
720,Kentucky,2020,24,996,2020W41
721,Kentucky,2020,25,962,2020W41
722,Kentucky,2020,26,932,2020W41
723,Kentucky,2020,27,982,2020W41
724,Kentucky,2020,28,1036,2020W41
725,Kentucky,2020,29,927,2020W41
726,Kentucky,2020,30,956,2020W41
727,Kentucky,2020,31,1019,2020W41
728,Kentucky,2020,32,985,2020W41
729,Kentucky,2020,33,990,2020W41
730,Kentucky,2020,34,1040,2020W41
731,Kentucky,2020,35,951,2020W41
732,Kentucky,2020,36,994,2020W41
733,Kentucky,2020,37,925,2020W41
734,Kentucky,2020,38,895,2020W41
735,Kentucky,2020,39,890,2020W41
736,Kentucky,2020,40,653,2020W41
737,Kentucky,2020,41,471,2020W41
738,Louisiana,2020,1,926,2020W41
739,Louisiana,2020,2,965,2020W41
740,Louisiana,2020,3,957,2020W41
741,Louisiana,2020,4,967,2020W41
742,Louisiana,2020,5,972,2020W41
743,Louisiana,2020,6,953,2020W41
744,Louisiana,2020,7,948,2020W41
745,Louisiana,2020,8,947,2020W41
746,Louisiana,2020,9,991,2020W41
747,Louisiana,2020,10,958,2020W41
748,Louisiana,2020,11,989,2020W41
749,Louisiana,2020,12,951,2020W41
750,Louisiana,2020,13,1225,2020W41
751,Louisiana,2020,14,1380,2020W41
752,Louisiana,2020,15,1523,2020W41
753,Louisiana,2020,16,1354,2020W41
754,Louisiana,2020,17,1242,2020W41
755,Louisiana,2020,18,1168,2020W41
756,Louisiana,2020,19,1125,2020W41
757,Louisiana,2020,20,1100,2020W41
758,Louisiana,2020,21,1049,2020W41
759,Louisiana,2020,22,1045,2020W41
760,Louisiana,2020,23,1009,2020W41
761,Louisiana,2020,24,945,2020W41
762,Louisiana,2020,25,995,2020W41
763,Louisiana,2020,26,989,2020W41
764,Louisiana,2020,27,970,2020W41
765,Louisiana,2020,28,1038,2020W41
766,Louisiana,2020,29,1128,2020W41
767,Louisiana,2020,30,1190,2020W41
768,Louisiana,2020,31,1168,2020W41
769,Louisiana,2020,32,1193,2020W41
770,Louisiana,2020,33,1108,2020W41
771,Louisiana,2020,34,1038,2020W41
772,Louisiana,2020,35,1000,2020W41
773,Louisiana,2020,36,975,2020W41
774,Louisiana,2020,37,877,2020W41
775,Louisiana,2020,38,836,2020W41
776,Louisiana,2020,39,712,2020W41
777,Louisiana,2020,40,642,2020W41
778,Louisiana,2020,41,399,2020W41
779,Maine,2020,1,320,2020W41
780,Maine,2020,2,318,2020W41
781,Maine,2020,3,295,2020W41
782,Maine,2020,4,308,2020W41
783,Maine,2020,5,288,2020W41
784,Maine,2020,6,316,2020W41
785,Maine,2020,7,329,2020W41
786,Maine,2020,8,299,2020W41
787,Maine,2020,9,292,2020W41
788,Maine,2020,10,313,2020W41
789,Maine,2020,11,301,2020W41
790,Maine,2020,12,277,2020W41
791,Maine,2020,13,279,2020W41
792,Maine,2020,14,300,2020W41
793,Maine,2020,15,304,2020W41
794,Maine,2020,16,310,2020W41
795,Maine,2020,17,285,2020W41
796,Maine,2020,18,277,2020W41
797,Maine,2020,19,293,2020W41
798,Maine,2020,20,256,2020W41
799,Maine,2020,21,267,2020W41
800,Maine,2020,22,302,2020W41
801,Maine,2020,23,255,2020W41
802,Maine,2020,24,254,2020W41
803,Maine,2020,25,275,2020W41
804,Maine,2020,26,299,2020W41
805,Maine,2020,27,280,2020W41
806,Maine,2020,28,289,2020W41
807,Maine,2020,29,294,2020W41
808,Maine,2020,30,282,2020W41
809,Maine,2020,31,283,2020W41
810,Maine,2020,32,276,2020W41
811,Maine,2020,33,280,2020W41
812,Maine,2020,34,312,2020W41
813,Maine,2020,35,284,2020W41
814,Maine,2020,36,289,2020W41
815,Maine,2020,37,317,2020W41
816,Maine,2020,38,299,2020W41
817,Maine,2020,39,308,2020W41
818,Maine,2020,40,286,2020W41
819,Maine,2020,41,293,2020W41
820,Maryland,2020,1,1049,2020W41
821,Maryland,2020,2,1035,2020W41
822,Maryland,2020,3,988,2020W41
823,Maryland,2020,4,1003,2020W41
824,Maryland,2020,5,1034,2020W41
825,Maryland,2020,6,1004,2020W41
826,Maryland,2020,7,1019,2020W41
827,Maryland,2020,8,973,2020W41
828,Maryland,2020,9,1082,2020W41
829,Maryland,2020,10,1049,2020W41
830,Maryland,2020,11,1006,2020W41
831,Maryland,2020,12,1064,2020W41
832,Maryland,2020,13,1092,2020W41
833,Maryland,2020,14,1190,2020W41
834,Maryland,2020,15,1352,2020W41
835,Maryland,2020,16,1357,2020W41
836,Maryland,2020,17,1537,2020W41
837,Maryland,2020,18,1521,2020W41
838,Maryland,2020,19,1444,2020W41
839,Maryland,2020,20,1427,2020W41
840,Maryland,2020,21,1333,2020W41
841,Maryland,2020,22,1262,2020W41
842,Maryland,2020,23,1167,2020W41
843,Maryland,2020,24,1155,2020W41
844,Maryland,2020,25,1067,2020W41
845,Maryland,2020,26,1027,2020W41
846,Maryland,2020,27,1045,2020W41
847,Maryland,2020,28,1028,2020W41
848,Maryland,2020,29,1021,2020W41
849,Maryland,2020,30,996,2020W41
850,Maryland,2020,31,1061,2020W41
851,Maryland,2020,32,1005,2020W41
852,Maryland,2020,33,1057,2020W41
853,Maryland,2020,34,992,2020W41
854,Maryland,2020,35,1027,2020W41
855,Maryland,2020,36,1028,2020W41
856,Maryland,2020,37,986,2020W41
857,Maryland,2020,38,966,2020W41
858,Maryland,2020,39,1043,2020W41
859,Maryland,2020,40,1003,2020W41
860,Maryland,2020,41,852,2020W41
861,Massachusetts,2020,1,1237,2020W41
862,Massachusetts,2020,2,1267,2020W41
863,Massachusetts,2020,3,1188,2020W41
864,Massachusetts,2020,4,1302,2020W41
865,Massachusetts,2020,5,1204,2020W41
866,Massachusetts,2020,6,1233,2020W41
867,Massachusetts,2020,7,1250,2020W41
868,Massachusetts,2020,8,1166,2020W41
869,Massachusetts,2020,9,1278,2020W41
870,Massachusetts,2020,10,1213,2020W41
871,Massachusetts,2020,11,1310,2020W41
872,Massachusetts,2020,12,1169,2020W41
873,Massachusetts,2020,13,1287,2020W41
874,Massachusetts,2020,14,1549,2020W41
875,Massachusetts,2020,15,2037,2020W41
876,Massachusetts,2020,16,2492,2020W41
877,Massachusetts,2020,17,2533,2020W41
878,Massachusetts,2020,18,2307,2020W41
879,Massachusetts,2020,19,2068,2020W41
880,Massachusetts,2020,20,1882,2020W41
881,Massachusetts,2020,21,1576,2020W41
882,Massachusetts,2020,22,1355,2020W41
883,Massachusetts,2020,23,1233,2020W41
884,Massachusetts,2020,24,1137,2020W41
885,Massachusetts,2020,25,1124,2020W41
886,Massachusetts,2020,26,1082,2020W41
887,Massachusetts,2020,27,1046,2020W41
888,Massachusetts,2020,28,1045,2020W41
889,Massachusetts,2020,29,1059,2020W41
890,Massachusetts,2020,30,1088,2020W41
891,Massachusetts,2020,31,1017,2020W41
892,Massachusetts,2020,32,988,2020W41
893,Massachusetts,2020,33,1047,2020W41
894,Massachusetts,2020,34,1032,2020W41
895,Massachusetts,2020,35,1051,2020W41
896,Massachusetts,2020,36,1008,2020W41
897,Massachusetts,2020,37,1006,2020W41
898,Massachusetts,2020,38,1088,2020W41
899,Massachusetts,2020,39,1103,2020W41
900,Massachusetts,2020,40,1056,2020W41
901,Massachusetts,2020,41,944,2020W41
902,Michigan,2020,1,2013,2020W41
903,Michigan,2020,2,2065,2020W41
904,Michigan,2020,3,1937,2020W41
905,Michigan,2020,4,2009,2020W41
906,Michigan,2020,5,2004,2020W41
907,Michigan,2020,6,1937,2020W41
908,Michigan,2020,7,2012,2020W41
909,Michigan,2020,8,2055,2020W41
910,Michigan,2020,9,1972,2020W41
911,Michigan,2020,10,1986,2020W41
912,Michigan,2020,11,1950,2020W41
913,Michigan,2020,12,2033,2020W41
914,Michigan,2020,13,2429,2020W41
915,Michigan,2020,14,3114,2020W41
916,Michigan,2020,15,3377,2020W41
917,Michigan,2020,16,3152,2020W41
918,Michigan,2020,17,2800,2020W41
919,Michigan,2020,18,2585,2020W41
920,Michigan,2020,19,2236,2020W41
921,Michigan,2020,20,2156,2020W41
922,Michigan,2020,21,2011,2020W41
923,Michigan,2020,22,1956,2020W41
924,Michigan,2020,23,1995,2020W41
925,Michigan,2020,24,1858,2020W41
926,Michigan,2020,25,1878,2020W41
927,Michigan,2020,26,1908,2020W41
928,Michigan,2020,27,1976,2020W41
929,Michigan,2020,28,1886,2020W41
930,Michigan,2020,29,1866,2020W41
931,Michigan,2020,30,1888,2020W41
932,Michigan,2020,31,1954,2020W41
933,Michigan,2020,32,1857,2020W41
934,Michigan,2020,33,2011,2020W41
935,Michigan,2020,34,1908,2020W41
936,Michigan,2020,35,1917,2020W41
937,Michigan,2020,36,1936,2020W41
938,Michigan,2020,37,1908,2020W41
939,Michigan,2020,38,1870,2020W41
940,Michigan,2020,39,1939,2020W41
941,Michigan,2020,40,1912,2020W41
942,Michigan,2020,41,1765,2020W41
943,Minnesota,2020,1,1009,2020W41
944,Minnesota,2020,2,950,2020W41
945,Minnesota,2020,3,945,2020W41
946,Minnesota,2020,4,957,2020W41
947,Minnesota,2020,5,942,2020W41
948,Minnesota,2020,6,919,2020W41
949,Minnesota,2020,7,941,2020W41
950,Minnesota,2020,8,912,2020W41
951,Minnesota,2020,9,932,2020W41
952,Minnesota,2020,10,944,2020W41
953,Minnesota,2020,11,882,2020W41
954,Minnesota,2020,12,893,2020W41
955,Minnesota,2020,13,906,2020W41
956,Minnesota,2020,14,922,2020W41
957,Minnesota,2020,15,936,2020W41
958,Minnesota,2020,16,946,2020W41
959,Minnesota,2020,17,1013,2020W41
960,Minnesota,2020,18,1042,2020W41
961,Minnesota,2020,19,1054,2020W41
962,Minnesota,2020,20,998,2020W41
963,Minnesota,2020,21,1001,2020W41
964,Minnesota,2020,22,1015,2020W41
965,Minnesota,2020,23,1038,2020W41
966,Minnesota,2020,24,973,2020W41
967,Minnesota,2020,25,939,2020W41
968,Minnesota,2020,26,836,2020W41
969,Minnesota,2020,27,874,2020W41
970,Minnesota,2020,28,864,2020W41
971,Minnesota,2020,29,863,2020W41
972,Minnesota,2020,30,875,2020W41
973,Minnesota,2020,31,814,2020W41
974,Minnesota,2020,32,888,2020W41
975,Minnesota,2020,33,877,2020W41
976,Minnesota,2020,34,897,2020W41
977,Minnesota,2020,35,888,2020W41
978,Minnesota,2020,36,881,2020W41
979,Minnesota,2020,37,853,2020W41
980,Minnesota,2020,38,907,2020W41
981,Minnesota,2020,39,887,2020W41
982,Minnesota,2020,40,786,2020W41
983,Minnesota,2020,41,826,2020W41
984,Mississippi,2020,1,673,2020W41
985,Mississippi,2020,2,648,2020W41
986,Mississippi,2020,3,624,2020W41
987,Mississippi,2020,4,610,2020W41
988,Mississippi,2020,5,606,2020W41
989,Mississippi,2020,6,702,2020W41
990,Mississippi,2020,7,647,2020W41
991,Mississippi,2020,8,623,2020W41
992,Mississippi,2020,9,663,2020W41
993,Mississippi,2020,10,660,2020W41
994,Mississippi,2020,11,621,2020W41
995,Mississippi,2020,12,624,2020W41
996,Mississippi,2020,13,696,2020W41
997,Mississippi,2020,14,706,2020W41
998,Mississippi,2020,15,697,2020W41
999,Mississippi,2020,16,732,2020W41
1000,Mississippi,2020,17,748,2020W41
1001,Mississippi,2020,18,747,2020W41
1002,Mississippi,2020,19,746,2020W41
1003,Mississippi,2020,20,775,2020W41
1004,Mississippi,2020,21,720,2020W41
1005,Mississippi,2020,22,746,2020W41
1006,Mississippi,2020,23,726,2020W41
1007,Mississippi,2020,24,701,2020W41
1008,Mississippi,2020,25,740,2020W41
1009,Mississippi,2020,26,712,2020W41
1010,Mississippi,2020,27,709,2020W41
1011,Mississippi,2020,28,785,2020W41
1012,Mississippi,2020,29,778,2020W41
1013,Mississippi,2020,30,870,2020W41
1014,Mississippi,2020,31,858,2020W41
1015,Mississippi,2020,32,903,2020W41
1016,Mississippi,2020,33,843,2020W41
1017,Mississippi,2020,34,790,2020W41
1018,Mississippi,2020,35,789,2020W41
1019,Mississippi,2020,36,708,2020W41
1020,Mississippi,2020,37,710,2020W41
1021,Mississippi,2020,38,698,2020W41
1022,Mississippi,2020,39,642,2020W41
1023,Mississippi,2020,40,613,2020W41
1024,Mississippi,2020,41,555,2020W41
1025,Missouri,2020,1,1327,2020W41
1026,Missouri,2020,2,1333,2020W41
1027,Missouri,2020,3,1333,2020W41
1028,Missouri,2020,4,1348,2020W41
1029,Missouri,2020,5,1360,2020W41
1030,Missouri,2020,6,1327,2020W41
1031,Missouri,2020,7,1346,2020W41
1032,Missouri,2020,8,1357,2020W41
1033,Missouri,2020,9,1365,2020W41
1034,Missouri,2020,10,1392,2020W41
1035,Missouri,2020,11,1300,2020W41
1036,Missouri,2020,12,1268,2020W41
1037,Missouri,2020,13,1336,2020W41
1038,Missouri,2020,14,1296,2020W41
1039,Missouri,2020,15,1461,2020W41
1040,Missouri,2020,16,1348,2020W41
1041,Missouri,2020,17,1441,2020W41
1042,Missouri,2020,18,1386,2020W41
1043,Missouri,2020,19,1418,2020W41
1044,Missouri,2020,20,1342,2020W41
1045,Missouri,2020,21,1292,2020W41
1046,Missouri,2020,22,1230,2020W41
1047,Missouri,2020,23,1275,2020W41
1048,Missouri,2020,24,1248,2020W41
1049,Missouri,2020,25,1217,2020W41
1050,Missouri,2020,26,1267,2020W41
1051,Missouri,2020,27,1270,2020W41
1052,Missouri,2020,28,1269,2020W41
1053,Missouri,2020,29,1348,2020W41
1054,Missouri,2020,30,1323,2020W41
1055,Missouri,2020,31,1327,2020W41
1056,Missouri,2020,32,1318,2020W41
1057,Missouri,2020,33,1331,2020W41
1058,Missouri,2020,34,1349,2020W41
1059,Missouri,2020,35,1304,2020W41
1060,Missouri,2020,36,1304,2020W41
1061,Missouri,2020,37,1264,2020W41
1062,Missouri,2020,38,1288,2020W41
1063,Missouri,2020,39,1245,2020W41
1064,Missouri,2020,40,1162,2020W41
1065,Missouri,2020,41,891,2020W41
1066,Montana,2020,1,231,2020W41
1067,Montana,2020,2,211,2020W41
1068,Montana,2020,3,202,2020W41
1069,Montana,2020,4,196,2020W41
1070,Montana,2020,5,218,2020W41
1071,Montana,2020,6,202,2020W41
1072,Montana,2020,7,198,2020W41
1073,Montana,2020,8,218,2020W41
1074,Montana,2020,9,235,2020W41
1075,Montana,2020,10,221,2020W41
1076,Montana,2020,11,218,2020W41
1077,Montana,2020,12,228,2020W41
1078,Montana,2020,13,205,2020W41
1079,Montana,2020,14,177,2020W41
1080,Montana,2020,15,216,2020W41
1081,Montana,2020,16,191,2020W41
1082,Montana,2020,17,187,2020W41
1083,Montana,2020,18,204,2020W41
1084,Montana,2020,19,177,2020W41
1085,Montana,2020,20,205,2020W41
1086,Montana,2020,21,181,2020W41
1087,Montana,2020,22,179,2020W41
1088,Montana,2020,23,178,2020W41
1089,Montana,2020,24,223,2020W41
1090,Montana,2020,25,198,2020W41
1091,Montana,2020,26,198,2020W41
1092,Montana,2020,27,175,2020W41
1093,Montana,2020,28,189,2020W41
1094,Montana,2020,29,203,2020W41
1095,Montana,2020,30,223,2020W41
1096,Montana,2020,31,216,2020W41
1097,Montana,2020,32,215,2020W41
1098,Montana,2020,33,205,2020W41
1099,Montana,2020,34,240,2020W41
1100,Montana,2020,35,193,2020W41
1101,Montana,2020,36,232,2020W41
1102,Montana,2020,37,215,2020W41
1103,Montana,2020,38,231,2020W41
1104,Montana,2020,39,225,2020W41
1105,Montana,2020,40,187,2020W41
1106,Montana,2020,41,105,2020W41
1107,Nebraska,2020,1,345,2020W41
1108,Nebraska,2020,2,362,2020W41
1109,Nebraska,2020,3,333,2020W41
1110,Nebraska,2020,4,358,2020W41
1111,Nebraska,2020,5,373,2020W41
1112,Nebraska,2020,6,345,2020W41
1113,Nebraska,2020,7,327,2020W41
1114,Nebraska,2020,8,318,2020W41
1115,Nebraska,2020,9,341,2020W41
1116,Nebraska,2020,10,355,2020W41
1117,Nebraska,2020,11,343,2020W41
1118,Nebraska,2020,12,350,2020W41
1119,Nebraska,2020,13,331,2020W41
1120,Nebraska,2020,14,310,2020W41
1121,Nebraska,2020,15,343,2020W41
1122,Nebraska,2020,16,353,2020W41
1123,Nebraska,2020,17,353,2020W41
1124,Nebraska,2020,18,344,2020W41
1125,Nebraska,2020,19,338,2020W41
1126,Nebraska,2020,20,352,2020W41
1127,Nebraska,2020,21,347,2020W41
1128,Nebraska,2020,22,375,2020W41
1129,Nebraska,2020,23,318,2020W41
1130,Nebraska,2020,24,319,2020W41
1131,Nebraska,2020,25,371,2020W41
1132,Nebraska,2020,26,317,2020W41
1133,Nebraska,2020,27,305,2020W41
1134,Nebraska,2020,28,316,2020W41
1135,Nebraska,2020,29,324,2020W41
1136,Nebraska,2020,30,360,2020W41
1137,Nebraska,2020,31,357,2020W41
1138,Nebraska,2020,32,379,2020W41
1139,Nebraska,2020,33,351,2020W41
1140,Nebraska,2020,34,360,2020W41
1141,Nebraska,2020,35,320,2020W41
1142,Nebraska,2020,36,341,2020W41
1143,Nebraska,2020,37,330,2020W41
1144,Nebraska,2020,38,309,2020W41
1145,Nebraska,2020,39,343,2020W41
1146,Nebraska,2020,40,315,2020W41
1147,Nebraska,2020,41,195,2020W41
1148,Nevada,2020,1,521,2020W41
1149,Nevada,2020,2,556,2020W41
1150,Nevada,2020,3,605,2020W41
1151,Nevada,2020,4,577,2020W41
1152,Nevada,2020,5,532,2020W41
1153,Nevada,2020,6,579,2020W41
1154,Nevada,2020,7,528,2020W41
1155,Nevada,2020,8,545,2020W41
1156,Nevada,2020,9,543,2020W41
1157,Nevada,2020,10,535,2020W41
1158,Nevada,2020,11,515,2020W41
1159,Nevada,2020,12,508,2020W41
1160,Nevada,2020,13,542,2020W41
1161,Nevada,2020,14,592,2020W41
1162,Nevada,2020,15,588,2020W41
1163,Nevada,2020,16,545,2020W41
1164,Nevada,2020,17,565,2020W41
1165,Nevada,2020,18,547,2020W41
1166,Nevada,2020,19,544,2020W41
1167,Nevada,2020,20,514,2020W41
1168,Nevada,2020,21,536,2020W41
1169,Nevada,2020,22,543,2020W41
1170,Nevada,2020,23,562,2020W41
1171,Nevada,2020,24,543,2020W41
1172,Nevada,2020,25,519,2020W41
1173,Nevada,2020,26,556,2020W41
1174,Nevada,2020,27,528,2020W41
1175,Nevada,2020,28,631,2020W41
1176,Nevada,2020,29,636,2020W41
1177,Nevada,2020,30,650,2020W41
1178,Nevada,2020,31,609,2020W41
1179,Nevada,2020,32,673,2020W41
1180,Nevada,2020,33,648,2020W41
1181,Nevada,2020,34,633,2020W41
1182,Nevada,2020,35,610,2020W41
1183,Nevada,2020,36,617,2020W41
1184,Nevada,2020,37,531,2020W41
1185,Nevada,2020,38,509,2020W41
1186,Nevada,2020,39,483,2020W41
1187,Nevada,2020,40,489,2020W41
1188,Nevada,2020,41,378,2020W41
1189,New Hampshire,2020,1,261,2020W41
1190,New Hampshire,2020,2,263,2020W41
1191,New Hampshire,2020,3,245,2020W41
1192,New Hampshire,2020,4,241,2020W41
1193,New Hampshire,2020,5,240,2020W41
1194,New Hampshire,2020,6,256,2020W41
1195,New Hampshire,2020,7,236,2020W41
1196,New Hampshire,2020,8,277,2020W41
1197,New Hampshire,2020,9,228,2020W41
1198,New Hampshire,2020,10,266,2020W41
1199,New Hampshire,2020,11,240,2020W41
1200,New Hampshire,2020,12,252,2020W41
1201,New Hampshire,2020,13,258,2020W41
1202,New Hampshire,2020,14,248,2020W41
1203,New Hampshire,2020,15,270,2020W41
1204,New Hampshire,2020,16,242,2020W41
1205,New Hampshire,2020,17,274,2020W41
1206,New Hampshire,2020,18,265,2020W41
1207,New Hampshire,2020,19,292,2020W41
1208,New Hampshire,2020,20,285,2020W41
1209,New Hampshire,2020,21,268,2020W41
1210,New Hampshire,2020,22,250,2020W41
1211,New Hampshire,2020,23,259,2020W41
1212,New Hampshire,2020,24,302,2020W41
1213,New Hampshire,2020,25,238,2020W41
1214,New Hampshire,2020,26,250,2020W41
1215,New Hampshire,2020,27,247,2020W41
1216,New Hampshire,2020,28,248,2020W41
1217,New Hampshire,2020,29,230,2020W41
1218,New Hampshire,2020,30,266,2020W41
1219,New Hampshire,2020,31,247,2020W41
1220,New Hampshire,2020,32,233,2020W41
1221,New Hampshire,2020,33,230,2020W41
1222,New Hampshire,2020,34,249,2020W41
1223,New Hampshire,2020,35,231,2020W41
1224,New Hampshire,2020,36,232,2020W41
1225,New Hampshire,2020,37,227,2020W41
1226,New Hampshire,2020,38,225,2020W41
1227,New Hampshire,2020,39,271,2020W41
1228,New Hampshire,2020,40,219,2020W41
1229,New Hampshire,2020,41,238,2020W41
1230,New Jersey,2020,1,1628,2020W41
1231,New Jersey,2020,2,1587,2020W41
1232,New Jersey,2020,3,1489,2020W41
1233,New Jersey,2020,4,1580,2020W41
1234,New Jersey,2020,5,1516,2020W41
1235,New Jersey,2020,6,1493,2020W41
1236,New Jersey,2020,7,1488,2020W41
1237,New Jersey,2020,8,1493,2020W41
1238,New Jersey,2020,9,1571,2020W41
1239,New Jersey,2020,10,1507,2020W41
1240,New Jersey,2020,11,1477,2020W41
1241,New Jersey,2020,12,1595,2020W41
1242,New Jersey,2020,13,2122,2020W41
1243,New Jersey,2020,14,3480,2020W41
1244,New Jersey,2020,15,4766,2020W41
1245,New Jersey,2020,16,4726,2020W41
1246,New Jersey,2020,17,3970,2020W41
1247,New Jersey,2020,18,3178,2020W41
1248,New Jersey,2020,19,2597,2020W41
1249,New Jersey,2020,20,2283,2020W41
1250,New Jersey,2020,21,1930,2020W41
1251,New Jersey,2020,22,1744,2020W41
1252,New Jersey,2020,23,1579,2020W41
1253,New Jersey,2020,24,1484,2020W41
1254,New Jersey,2020,25,1409,2020W41
1255,New Jersey,2020,26,1440,2020W41
1256,New Jersey,2020,27,1404,2020W41
1257,New Jersey,2020,28,1381,2020W41
1258,New Jersey,2020,29,1321,2020W41
1259,New Jersey,2020,30,1364,2020W41
1260,New Jersey,2020,31,1380,2020W41
1261,New Jersey,2020,32,1338,2020W41
1262,New Jersey,2020,33,1300,2020W41
1263,New Jersey,2020,34,1338,2020W41
1264,New Jersey,2020,35,1331,2020W41
1265,New Jersey,2020,36,1389,2020W41
1266,New Jersey,2020,37,1376,2020W41
1267,New Jersey,2020,38,1363,2020W41
1268,New Jersey,2020,39,1373,2020W41
1269,New Jersey,2020,40,1285,2020W41
1270,New Jersey,2020,41,1146,2020W41
1271,New Mexico,2020,1,404,2020W41
1272,New Mexico,2020,2,408,2020W41
1273,New Mexico,2020,3,387,2020W41
1274,New Mexico,2020,4,397,2020W41
1275,New Mexico,2020,5,370,2020W41
1276,New Mexico,2020,6,373,2020W41
1277,New Mexico,2020,7,381,2020W41
1278,New Mexico,2020,8,386,2020W41
1279,New Mexico,2020,9,394,2020W41
1280,New Mexico,2020,10,394,2020W41
1281,New Mexico,2020,11,340,2020W41
1282,New Mexico,2020,12,387,2020W41
1283,New Mexico,2020,13,360,2020W41
1284,New Mexico,2020,14,394,2020W41
1285,New Mexico,2020,15,402,2020W41
1286,New Mexico,2020,16,416,2020W41
1287,New Mexico,2020,17,402,2020W41
1288,New Mexico,2020,18,416,2020W41
1289,New Mexico,2020,19,433,2020W41
1290,New Mexico,2020,20,462,2020W41
1291,New Mexico,2020,21,393,2020W41
1292,New Mexico,2020,22,423,2020W41
1293,New Mexico,2020,23,442,2020W41
1294,New Mexico,2020,24,433,2020W41
1295,New Mexico,2020,25,405,2020W41
1296,New Mexico,2020,26,390,2020W41
1297,New Mexico,2020,27,437,2020W41
1298,New Mexico,2020,28,394,2020W41
1299,New Mexico,2020,29,390,2020W41
1300,New Mexico,2020,30,415,2020W41
1301,New Mexico,2020,31,395,2020W41
1302,New Mexico,2020,32,409,2020W41
1303,New Mexico,2020,33,373,2020W41
1304,New Mexico,2020,34,381,2020W41
1305,New Mexico,2020,35,374,2020W41
1306,New Mexico,2020,36,345,2020W41
1307,New Mexico,2020,37,345,2020W41
1308,New Mexico,2020,38,350,2020W41
1309,New Mexico,2020,39,341,2020W41
1310,New Mexico,2020,40,284,2020W41
1311,New Mexico,2020,41,225,2020W41
1312,New York,2020,1,2164,2020W41
1313,New York,2020,2,2092,2020W41
1314,New York,2020,3,2168,2020W41
1315,New York,2020,4,2023,2020W41
1316,New York,2020,5,2029,2020W41
1317,New York,2020,6,2058,2020W41
1318,New York,2020,7,1989,2020W41
1319,New York,2020,8,2032,2020W41
1320,New York,2020,9,2161,2020W41
1321,New York,2020,10,2071,2020W41
1322,New York,2020,11,1981,2020W41
1323,New York,2020,12,2127,2020W41
1324,New York,2020,13,2543,2020W41
1325,New York,2020,14,3772,2020W41
1326,New York,2020,15,4662,2020W41
1327,New York,2020,16,4462,2020W41
1328,New York,2020,17,3738,2020W41
1329,New York,2020,18,3128,2020W41
1330,New York,2020,19,2779,2020W41
1331,New York,2020,20,2505,2020W41
1332,New York,2020,21,2243,2020W41
1333,New York,2020,22,2112,2020W41
1334,New York,2020,23,1974,2020W41
1335,New York,2020,24,1898,2020W41
1336,New York,2020,25,1898,2020W41
1337,New York,2020,26,1928,2020W41
1338,New York,2020,27,1892,2020W41
1339,New York,2020,28,1890,2020W41
1340,New York,2020,29,1845,2020W41
1341,New York,2020,30,1806,2020W41
1342,New York,2020,31,1880,2020W41
1343,New York,2020,32,1872,2020W41
1344,New York,2020,33,1820,2020W41
1345,New York,2020,34,1868,2020W41
1346,New York,2020,35,1800,2020W41
1347,New York,2020,36,1786,2020W41
1348,New York,2020,37,1772,2020W41
1349,New York,2020,38,1862,2020W41
1350,New York,2020,39,2062,2020W41
1351,New York,2020,40,1939,2020W41
1352,New York,2020,41,1973,2020W41
1353,New York City,2020,1,1155,2020W41
1354,New York City,2020,2,1137,2020W41
1355,New York City,2020,3,1129,2020W41
1356,New York City,2020,4,1182,2020W41
1357,New York City,2020,5,1171,2020W41
1358,New York City,2020,6,1172,2020W41
1359,New York City,2020,7,1130,2020W41
1360,New York City,2020,8,1096,2020W41
1361,New York City,2020,9,1110,2020W41
1362,New York City,2020,10,1113,2020W41
1363,New York City,2020,11,1136,2020W41
1364,New York City,2020,12,1405,2020W41
1365,New York City,2020,13,2804,2020W41
1366,New York City,2020,14,6296,2020W41
1367,New York City,2020,15,7863,2020W41
1368,New York City,2020,16,5902,2020W41
1369,New York City,2020,17,4049,2020W41
1370,New York City,2020,18,2847,2020W41
1371,New York City,2020,19,2074,2020W41
1372,New York City,2020,20,1604,2020W41
1373,New York City,2020,21,1310,2020W41
1374,New York City,2020,22,1166,2020W41
1375,New York City,2020,23,1113,2020W41
1376,New York City,2020,24,1098,2020W41
1377,New York City,2020,25,990,2020W41
1378,New York City,2020,26,1072,2020W41
1379,New York City,2020,27,990,2020W41
1380,New York City,2020,28,1026,2020W41
1381,New York City,2020,29,969,2020W41
1382,New York City,2020,30,1020,2020W41
1383,New York City,2020,31,986,2020W41
1384,New York City,2020,32,963,2020W41
1385,New York City,2020,33,986,2020W41
1386,New York City,2020,34,965,2020W41
1387,New York City,2020,35,996,2020W41
1388,New York City,2020,36,971,2020W41
1389,New York City,2020,37,960,2020W41
1390,New York City,2020,38,1002,2020W41
1391,New York City,2020,39,983,2020W41
1392,New York City,2020,40,959,2020W41
1393,New York City,2020,41,970,2020W41
1394,North Carolina,2020,1,2003,2020W41
1395,North Carolina,2020,2,1983,2020W41
1396,North Carolina,2020,3,1900,2020W41
1397,North Carolina,2020,4,1993,2020W41
1398,North Carolina,2020,5,1983,2020W41
1399,North Carolina,2020,6,2053,2020W41
1400,North Carolina,2020,7,2060,2020W41
1401,North Carolina,2020,8,1924,2020W41
1402,North Carolina,2020,9,1973,2020W41
1403,North Carolina,2020,10,2030,2020W41
1404,North Carolina,2020,11,2025,2020W41
1405,North Carolina,2020,12,2051,2020W41
1406,North Carolina,2020,13,1875,2020W41
1407,North Carolina,2020,14,2021,2020W41
1408,North Carolina,2020,15,2016,2020W41
1409,North Carolina,2020,16,2027,2020W41
1410,North Carolina,2020,17,2104,2020W41
1411,North Carolina,2020,18,1947,2020W41
1412,North Carolina,2020,19,2055,2020W41
1413,North Carolina,2020,20,2039,2020W41
1414,North Carolina,2020,21,2057,2020W41
1415,North Carolina,2020,22,1990,2020W41
1416,North Carolina,2020,23,1964,2020W41
1417,North Carolina,2020,24,1875,2020W41
1418,North Carolina,2020,25,1935,2020W41
1419,North Carolina,2020,26,1942,2020W41
1420,North Carolina,2020,27,1998,2020W41
1421,North Carolina,2020,28,1974,2020W41
1422,North Carolina,2020,29,2015,2020W41
1423,North Carolina,2020,30,2122,2020W41
1424,North Carolina,2020,31,2042,2020W41
1425,North Carolina,2020,32,1874,2020W41
1426,North Carolina,2020,33,1673,2020W41
1427,North Carolina,2020,34,1175,2020W41
1428,North Carolina,2020,35,379,2020W41
1429,North Carolina,2020,36,117,2020W41
1430,North Carolina,2020,37,55,2020W41
1431,North Carolina,2020,38,25,2020W41
1432,North Carolina,2020,39,,2020W41
1433,North Carolina,2020,40,,2020W41
1434,North Dakota,2020,1,149,2020W41
1435,North Dakota,2020,2,151,2020W41
1436,North Dakota,2020,3,171,2020W41
1437,North Dakota,2020,4,147,2020W41
1438,North Dakota,2020,5,130,2020W41
1439,North Dakota,2020,6,138,2020W41
1440,North Dakota,2020,7,148,2020W41
1441,North Dakota,2020,8,176,2020W41
1442,North Dakota,2020,9,153,2020W41
1443,North Dakota,2020,10,171,2020W41
1444,North Dakota,2020,11,148,2020W41
1445,North Dakota,2020,12,150,2020W41
1446,North Dakota,2020,13,119,2020W41
1447,North Dakota,2020,14,140,2020W41
1448,North Dakota,2020,15,158,2020W41
1449,North Dakota,2020,16,157,2020W41
1450,North Dakota,2020,17,158,2020W41
1451,North Dakota,2020,18,148,2020W41
1452,North Dakota,2020,19,141,2020W41
1453,North Dakota,2020,20,152,2020W41
1454,North Dakota,2020,21,140,2020W41
1455,North Dakota,2020,22,143,2020W41
1456,North Dakota,2020,23,161,2020W41
1457,North Dakota,2020,24,143,2020W41
1458,North Dakota,2020,25,142,2020W41
1459,North Dakota,2020,26,131,2020W41
1460,North Dakota,2020,27,117,2020W41
1461,North Dakota,2020,28,135,2020W41
1462,North Dakota,2020,29,134,2020W41
1463,North Dakota,2020,30,132,2020W41
1464,North Dakota,2020,31,139,2020W41
1465,North Dakota,2020,32,154,2020W41
1466,North Dakota,2020,33,134,2020W41
1467,North Dakota,2020,34,130,2020W41
1468,North Dakota,2020,35,137,2020W41
1469,North Dakota,2020,36,162,2020W41
1470,North Dakota,2020,37,141,2020W41
1471,North Dakota,2020,38,148,2020W41
1472,North Dakota,2020,39,124,2020W41
1473,North Dakota,2020,40,132,2020W41
1474,North Dakota,2020,41,104,2020W41
1475,Ohio,2020,1,2541,2020W41
1476,Ohio,2020,2,2611,2020W41
1477,Ohio,2020,3,2474,2020W41
1478,Ohio,2020,4,2564,2020W41
1479,Ohio,2020,5,2493,2020W41
1480,Ohio,2020,6,2532,2020W41
1481,Ohio,2020,7,2491,2020W41
1482,Ohio,2020,8,2526,2020W41
1483,Ohio,2020,9,2458,2020W41
1484,Ohio,2020,10,2505,2020W41
1485,Ohio,2020,11,2549,2020W41
1486,Ohio,2020,12,2516,2020W41
1487,Ohio,2020,13,2506,2020W41
1488,Ohio,2020,14,2560,2020W41
1489,Ohio,2020,15,2622,2020W41
1490,Ohio,2020,16,2645,2020W41
1491,Ohio,2020,17,2829,2020W41
1492,Ohio,2020,18,2730,2020W41
1493,Ohio,2020,19,2614,2020W41
1494,Ohio,2020,20,2677,2020W41
1495,Ohio,2020,21,2655,2020W41
1496,Ohio,2020,22,2512,2020W41
1497,Ohio,2020,23,2580,2020W41
1498,Ohio,2020,24,2413,2020W41
1499,Ohio,2020,25,2390,2020W41
1500,Ohio,2020,26,2411,2020W41
1501,Ohio,2020,27,2486,2020W41
1502,Ohio,2020,28,2490,2020W41
1503,Ohio,2020,29,2516,2020W41
1504,Ohio,2020,30,2491,2020W41
1505,Ohio,2020,31,2593,2020W41
1506,Ohio,2020,32,2549,2020W41
1507,Ohio,2020,33,2536,2020W41
1508,Ohio,2020,34,2547,2020W41
1509,Ohio,2020,35,2593,2020W41
1510,Ohio,2020,36,2378,2020W41
1511,Ohio,2020,37,2458,2020W41
1512,Ohio,2020,38,2288,2020W41
1513,Ohio,2020,39,2224,2020W41
1514,Ohio,2020,40,1725,2020W41
1515,Ohio,2020,41,1022,2020W41
1516,Oklahoma,2020,1,891,2020W41
1517,Oklahoma,2020,2,797,2020W41
1518,Oklahoma,2020,3,778,2020W41
1519,Oklahoma,2020,4,684,2020W41
1520,Oklahoma,2020,5,724,2020W41
1521,Oklahoma,2020,6,805,2020W41
1522,Oklahoma,2020,7,786,2020W41
1523,Oklahoma,2020,8,752,2020W41
1524,Oklahoma,2020,9,793,2020W41
1525,Oklahoma,2020,10,797,2020W41
1526,Oklahoma,2020,11,791,2020W41
1527,Oklahoma,2020,12,826,2020W41
1528,Oklahoma,2020,13,852,2020W41
1529,Oklahoma,2020,14,776,2020W41
1530,Oklahoma,2020,15,849,2020W41
1531,Oklahoma,2020,16,782,2020W41
1532,Oklahoma,2020,17,734,2020W41
1533,Oklahoma,2020,18,697,2020W41
1534,Oklahoma,2020,19,776,2020W41
1535,Oklahoma,2020,20,731,2020W41
1536,Oklahoma,2020,21,811,2020W41
1537,Oklahoma,2020,22,740,2020W41
1538,Oklahoma,2020,23,785,2020W41
1539,Oklahoma,2020,24,766,2020W41
1540,Oklahoma,2020,25,738,2020W41
1541,Oklahoma,2020,26,762,2020W41
1542,Oklahoma,2020,27,778,2020W41
1543,Oklahoma,2020,28,767,2020W41
1544,Oklahoma,2020,29,785,2020W41
1545,Oklahoma,2020,30,899,2020W41
1546,Oklahoma,2020,31,871,2020W41
1547,Oklahoma,2020,32,804,2020W41
1548,Oklahoma,2020,33,849,2020W41
1549,Oklahoma,2020,34,855,2020W41
1550,Oklahoma,2020,35,785,2020W41
1551,Oklahoma,2020,36,802,2020W41
1552,Oklahoma,2020,37,754,2020W41
1553,Oklahoma,2020,38,736,2020W41
1554,Oklahoma,2020,39,787,2020W41
1555,Oklahoma,2020,40,653,2020W41
1556,Oklahoma,2020,41,528,2020W41
1557,Oregon,2020,1,737,2020W41
1558,Oregon,2020,2,764,2020W41
1559,Oregon,2020,3,769,2020W41
1560,Oregon,2020,4,745,2020W41
1561,Oregon,2020,5,728,2020W41
1562,Oregon,2020,6,727,2020W41
1563,Oregon,2020,7,783,2020W41
1564,Oregon,2020,8,733,2020W41
1565,Oregon,2020,9,735,2020W41
1566,Oregon,2020,10,788,2020W41
1567,Oregon,2020,11,745,2020W41
1568,Oregon,2020,12,774,2020W41
1569,Oregon,2020,13,768,2020W41
1570,Oregon,2020,14,778,2020W41
1571,Oregon,2020,15,769,2020W41
1572,Oregon,2020,16,765,2020W41
1573,Oregon,2020,17,770,2020W41
1574,Oregon,2020,18,713,2020W41
1575,Oregon,2020,19,703,2020W41
1576,Oregon,2020,20,716,2020W41
1577,Oregon,2020,21,743,2020W41
1578,Oregon,2020,22,748,2020W41
1579,Oregon,2020,23,683,2020W41
1580,Oregon,2020,24,726,2020W41
1581,Oregon,2020,25,729,2020W41
1582,Oregon,2020,26,685,2020W41
1583,Oregon,2020,27,758,2020W41
1584,Oregon,2020,28,711,2020W41
1585,Oregon,2020,29,755,2020W41
1586,Oregon,2020,30,738,2020W41
1587,Oregon,2020,31,716,2020W41
1588,Oregon,2020,32,761,2020W41
1589,Oregon,2020,33,773,2020W41
1590,Oregon,2020,34,782,2020W41
1591,Oregon,2020,35,737,2020W41
1592,Oregon,2020,36,695,2020W41
1593,Oregon,2020,37,715,2020W41
1594,Oregon,2020,38,726,2020W41
1595,Oregon,2020,39,632,2020W41
1596,Oregon,2020,40,565,2020W41
1597,Oregon,2020,41,393,2020W41
1598,Pennsylvania,2020,1,2783,2020W41
1599,Pennsylvania,2020,2,2845,2020W41
1600,Pennsylvania,2020,3,2860,2020W41
1601,Pennsylvania,2020,4,2792,2020W41
1602,Pennsylvania,2020,5,2803,2020W41
1603,Pennsylvania,2020,6,2780,2020W41
1604,Pennsylvania,2020,7,2804,2020W41
1605,Pennsylvania,2020,8,2692,2020W41
1606,Pennsylvania,2020,9,2765,2020W41
1607,Pennsylvania,2020,10,2769,2020W41
1608,Pennsylvania,2020,11,2819,2020W41
1609,Pennsylvania,2020,12,2594,2020W41
1610,Pennsylvania,2020,13,2730,2020W41
1611,Pennsylvania,2020,14,3002,2020W41
1612,Pennsylvania,2020,15,3450,2020W41
1613,Pennsylvania,2020,16,3736,2020W41
1614,Pennsylvania,2020,17,3814,2020W41
1615,Pennsylvania,2020,18,3558,2020W41
1616,Pennsylvania,2020,19,3433,2020W41
1617,Pennsylvania,2020,20,3278,2020W41
1618,Pennsylvania,2020,21,2966,2020W41
1619,Pennsylvania,2020,22,2784,2020W41
1620,Pennsylvania,2020,23,2722,2020W41
1621,Pennsylvania,2020,24,2566,2020W41
1622,Pennsylvania,2020,25,2613,2020W41
1623,Pennsylvania,2020,26,2553,2020W41
1624,Pennsylvania,2020,27,2582,2020W41
1625,Pennsylvania,2020,28,2665,2020W41
1626,Pennsylvania,2020,29,2547,2020W41
1627,Pennsylvania,2020,30,2523,2020W41
1628,Pennsylvania,2020,31,2633,2020W41
1629,Pennsylvania,2020,32,2526,2020W41
1630,Pennsylvania,2020,33,2645,2020W41
1631,Pennsylvania,2020,34,2619,2020W41
1632,Pennsylvania,2020,35,2557,2020W41
1633,Pennsylvania,2020,36,2541,2020W41
1634,Pennsylvania,2020,37,2509,2020W41
1635,Pennsylvania,2020,38,2552,2020W41
1636,Pennsylvania,2020,39,2569,2020W41
1637,Pennsylvania,2020,40,2502,2020W41
1638,Pennsylvania,2020,41,2233,2020W41
1639,Puerto Rico,2020,1,552,2020W41
1640,Puerto Rico,2020,2,588,2020W41
1641,Puerto Rico,2020,3,652,2020W41
1642,Puerto Rico,2020,4,621,2020W41
1643,Puerto Rico,2020,5,583,2020W41
1644,Puerto Rico,2020,6,602,2020W41
1645,Puerto Rico,2020,7,614,2020W41
1646,Puerto Rico,2020,8,611,2020W41
1647,Puerto Rico,2020,9,618,2020W41
1648,Puerto Rico,2020,10,615,2020W41
1649,Puerto Rico,2020,11,595,2020W41
1650,Puerto Rico,2020,12,620,2020W41
1651,Puerto Rico,2020,13,637,2020W41
1652,Puerto Rico,2020,14,575,2020W41
1653,Puerto Rico,2020,15,590,2020W41
1654,Puerto Rico,2020,16,555,2020W41
1655,Puerto Rico,2020,17,536,2020W41
1656,Puerto Rico,2020,18,540,2020W41
1657,Puerto Rico,2020,19,558,2020W41
1658,Puerto Rico,2020,20,534,2020W41
1659,Puerto Rico,2020,21,545,2020W41
1660,Puerto Rico,2020,22,555,2020W41
1661,Puerto Rico,2020,23,571,2020W41
1662,Puerto Rico,2020,24,549,2020W41
1663,Puerto Rico,2020,25,580,2020W41
1664,Puerto Rico,2020,26,527,2020W41
1665,Puerto Rico,2020,27,533,2020W41
1666,Puerto Rico,2020,28,569,2020W41
1667,Puerto Rico,2020,29,585,2020W41
1668,Puerto Rico,2020,30,591,2020W41
1669,Puerto Rico,2020,31,628,2020W41
1670,Puerto Rico,2020,32,636,2020W41
1671,Puerto Rico,2020,33,632,2020W41
1672,Puerto Rico,2020,34,662,2020W41
1673,Puerto Rico,2020,35,556,2020W41
1674,Puerto Rico,2020,36,540,2020W41
1675,Puerto Rico,2020,37,486,2020W41
1676,Puerto Rico,2020,38,331,2020W41
1677,Puerto Rico,2020,39,221,2020W41
1678,Puerto Rico,2020,40,165,2020W41
1679,Puerto Rico,2020,41,57,2020W41
1680,Rhode Island,2020,1,225,2020W41
1681,Rhode Island,2020,2,201,2020W41
1682,Rhode Island,2020,3,204,2020W41
1683,Rhode Island,2020,4,199,2020W41
1684,Rhode Island,2020,5,220,2020W41
1685,Rhode Island,2020,6,244,2020W41
1686,Rhode Island,2020,7,183,2020W41
1687,Rhode Island,2020,8,206,2020W41
1688,Rhode Island,2020,9,235,2020W41
1689,Rhode Island,2020,10,254,2020W41
1690,Rhode Island,2020,11,196,2020W41
1691,Rhode Island,2020,12,220,2020W41
1692,Rhode Island,2020,13,199,2020W41
1693,Rhode Island,2020,14,236,2020W41
1694,Rhode Island,2020,15,246,2020W41
1695,Rhode Island,2020,16,273,2020W41
1696,Rhode Island,2020,17,297,2020W41
1697,Rhode Island,2020,18,332,2020W41
1698,Rhode Island,2020,19,381,2020W41
1699,Rhode Island,2020,20,302,2020W41
1700,Rhode Island,2020,21,278,2020W41
1701,Rhode Island,2020,22,253,2020W41
1702,Rhode Island,2020,23,241,2020W41
1703,Rhode Island,2020,24,208,2020W41
1704,Rhode Island,2020,25,234,2020W41
1705,Rhode Island,2020,26,201,2020W41
1706,Rhode Island,2020,27,176,2020W41
1707,Rhode Island,2020,28,190,2020W41
1708,Rhode Island,2020,29,189,2020W41
1709,Rhode Island,2020,30,172,2020W41
1710,Rhode Island,2020,31,199,2020W41
1711,Rhode Island,2020,32,208,2020W41
1712,Rhode Island,2020,33,209,2020W41
1713,Rhode Island,2020,34,195,2020W41
1714,Rhode Island,2020,35,183,2020W41
1715,Rhode Island,2020,36,204,2020W41
1716,Rhode Island,2020,37,187,2020W41
1717,Rhode Island,2020,38,182,2020W41
1718,Rhode Island,2020,39,170,2020W41
1719,Rhode Island,2020,40,122,2020W41
1720,Rhode Island,2020,41,22,2020W41
1721,South Carolina,2020,1,1085,2020W41
1722,South Carolina,2020,2,1080,2020W41
1723,South Carolina,2020,3,1048,2020W41
1724,South Carolina,2020,4,1033,2020W41
1725,South Carolina,2020,5,1032,2020W41
1726,South Carolina,2020,6,1096,2020W41
1727,South Carolina,2020,7,1003,2020W41
1728,South Carolina,2020,8,1035,2020W41
1729,South Carolina,2020,9,1044,2020W41
1730,South Carolina,2020,10,1133,2020W41
1731,South Carolina,2020,11,1103,2020W41
1732,South Carolina,2020,12,1067,2020W41
1733,South Carolina,2020,13,1038,2020W41
1734,South Carolina,2020,14,1048,2020W41
1735,South Carolina,2020,15,1137,2020W41
1736,South Carolina,2020,16,1049,2020W41
1737,South Carolina,2020,17,1023,2020W41
1738,South Carolina,2020,18,1032,2020W41
1739,South Carolina,2020,19,1060,2020W41
1740,South Carolina,2020,20,1109,2020W41
1741,South Carolina,2020,21,1044,2020W41
1742,South Carolina,2020,22,1048,2020W41
1743,South Carolina,2020,23,1037,2020W41
1744,South Carolina,2020,24,1078,2020W41
1745,South Carolina,2020,25,1053,2020W41
1746,South Carolina,2020,26,1098,2020W41
1747,South Carolina,2020,27,1194,2020W41
1748,South Carolina,2020,28,1217,2020W41
1749,South Carolina,2020,29,1333,2020W41
1750,South Carolina,2020,30,1350,2020W41
1751,South Carolina,2020,31,1324,2020W41
1752,South Carolina,2020,32,1366,2020W41
1753,South Carolina,2020,33,1314,2020W41
1754,South Carolina,2020,34,1176,2020W41
1755,South Carolina,2020,35,1232,2020W41
1756,South Carolina,2020,36,1233,2020W41
1757,South Carolina,2020,37,1177,2020W41
1758,South Carolina,2020,38,1126,2020W41
1759,South Carolina,2020,39,1115,2020W41
1760,South Carolina,2020,40,1070,2020W41
1761,South Carolina,2020,41,790,2020W41
1762,South Dakota,2020,1,170,2020W41
1763,South Dakota,2020,2,169,2020W41
1764,South Dakota,2020,3,168,2020W41
1765,South Dakota,2020,4,151,2020W41
1766,South Dakota,2020,5,162,2020W41
1767,South Dakota,2020,6,150,2020W41
1768,South Dakota,2020,7,177,2020W41
1769,South Dakota,2020,8,177,2020W41
1770,South Dakota,2020,9,163,2020W41
1771,South Dakota,2020,10,194,2020W41
1772,South Dakota,2020,11,166,2020W41
1773,South Dakota,2020,12,162,2020W41
1774,South Dakota,2020,13,149,2020W41
1775,South Dakota,2020,14,170,2020W41
1776,South Dakota,2020,15,149,2020W41
1777,South Dakota,2020,16,152,2020W41
1778,South Dakota,2020,17,175,2020W41
1779,South Dakota,2020,18,159,2020W41
1780,South Dakota,2020,19,181,2020W41
1781,South Dakota,2020,20,146,2020W41
1782,South Dakota,2020,21,162,2020W41
1783,South Dakota,2020,22,157,2020W41
1784,South Dakota,2020,23,146,2020W41
1785,South Dakota,2020,24,159,2020W41
1786,South Dakota,2020,25,175,2020W41
1787,South Dakota,2020,26,163,2020W41
1788,South Dakota,2020,27,160,2020W41
1789,South Dakota,2020,28,171,2020W41
1790,South Dakota,2020,29,158,2020W41
1791,South Dakota,2020,30,172,2020W41
1792,South Dakota,2020,31,149,2020W41
1793,South Dakota,2020,32,184,2020W41
1794,South Dakota,2020,33,160,2020W41
1795,South Dakota,2020,34,160,2020W41
1796,South Dakota,2020,35,177,2020W41
1797,South Dakota,2020,36,200,2020W41
1798,South Dakota,2020,37,174,2020W41
1799,South Dakota,2020,38,166,2020W41
1800,South Dakota,2020,39,171,2020W41
1801,South Dakota,2020,40,155,2020W41
1802,South Dakota,2020,41,113,2020W41
1803,Tennessee,2020,1,1615,2020W41
1804,Tennessee,2020,2,1685,2020W41
1805,Tennessee,2020,3,1595,2020W41
1806,Tennessee,2020,4,1530,2020W41
1807,Tennessee,2020,5,1588,2020W41
1808,Tennessee,2020,6,1611,2020W41
1809,Tennessee,2020,7,1452,2020W41
1810,Tennessee,2020,8,1513,2020W41
1811,Tennessee,2020,9,1500,2020W41
1812,Tennessee,2020,10,1608,2020W41
1813,Tennessee,2020,11,1597,2020W41
1814,Tennessee,2020,12,1525,2020W41
1815,Tennessee,2020,13,1523,2020W41
1816,Tennessee,2020,14,1587,2020W41
1817,Tennessee,2020,15,1511,2020W41
1818,Tennessee,2020,16,1537,2020W41
1819,Tennessee,2020,17,1475,2020W41
1820,Tennessee,2020,18,1490,2020W41
1821,Tennessee,2020,19,1485,2020W41
1822,Tennessee,2020,20,1543,2020W41
1823,Tennessee,2020,21,1556,2020W41
1824,Tennessee,2020,22,1460,2020W41
1825,Tennessee,2020,23,1483,2020W41
1826,Tennessee,2020,24,1493,2020W41
1827,Tennessee,2020,25,1561,2020W41
1828,Tennessee,2020,26,1559,2020W41
1829,Tennessee,2020,27,1527,2020W41
1830,Tennessee,2020,28,1620,2020W41
1831,Tennessee,2020,29,1637,2020W41
1832,Tennessee,2020,30,1698,2020W41
1833,Tennessee,2020,31,1697,2020W41
1834,Tennessee,2020,32,1694,2020W41
1835,Tennessee,2020,33,1652,2020W41
1836,Tennessee,2020,34,1667,2020W41
1837,Tennessee,2020,35,1683,2020W41
1838,Tennessee,2020,36,1585,2020W41
1839,Tennessee,2020,37,1682,2020W41
1840,Tennessee,2020,38,1560,2020W41
1841,Tennessee,2020,39,1644,2020W41
1842,Tennessee,2020,40,1516,2020W41
1843,Tennessee,2020,41,1291,2020W41
1844,Texas,2020,1,4325,2020W41
1845,Texas,2020,2,4563,2020W41
1846,Texas,2020,3,4250,2020W41
1847,Texas,2020,4,4127,2020W41
1848,Texas,2020,5,4172,2020W41
1849,Texas,2020,6,4319,2020W41
1850,Texas,2020,7,4342,2020W41
1851,Texas,2020,8,4216,2020W41
1852,Texas,2020,9,4143,2020W41
1853,Texas,2020,10,4168,2020W41
1854,Texas,2020,11,4168,2020W41
1855,Texas,2020,12,4245,2020W41
1856,Texas,2020,13,4255,2020W41
1857,Texas,2020,14,4183,2020W41
1858,Texas,2020,15,4262,2020W41
1859,Texas,2020,16,4288,2020W41
1860,Texas,2020,17,4458,2020W41
1861,Texas,2020,18,4259,2020W41
1862,Texas,2020,19,4272,2020W41
1863,Texas,2020,20,4274,2020W41
1864,Texas,2020,21,4247,2020W41
1865,Texas,2020,22,4145,2020W41
1866,Texas,2020,23,4227,2020W41
1867,Texas,2020,24,4386,2020W41
1868,Texas,2020,25,4494,2020W41
1869,Texas,2020,26,4555,2020W41
1870,Texas,2020,27,5011,2020W41
1871,Texas,2020,28,5738,2020W41
1872,Texas,2020,29,6222,2020W41
1873,Texas,2020,30,6256,2020W41
1874,Texas,2020,31,5891,2020W41
1875,Texas,2020,32,5630,2020W41
1876,Texas,2020,33,5690,2020W41
1877,Texas,2020,34,4936,2020W41
1878,Texas,2020,35,5005,2020W41
1879,Texas,2020,36,4759,2020W41
1880,Texas,2020,37,4431,2020W41
1881,Texas,2020,38,4286,2020W41
1882,Texas,2020,39,3922,2020W41
1883,Texas,2020,40,3336,2020W41
1884,Texas,2020,41,2487,2020W41
1885,Utah,2020,1,392,2020W41
1886,Utah,2020,2,438,2020W41
1887,Utah,2020,3,409,2020W41
1888,Utah,2020,4,390,2020W41
1889,Utah,2020,5,362,2020W41
1890,Utah,2020,6,313,2020W41
1891,Utah,2020,7,411,2020W41
1892,Utah,2020,8,366,2020W41
1893,Utah,2020,9,395,2020W41
1894,Utah,2020,10,403,2020W41
1895,Utah,2020,11,405,2020W41
1896,Utah,2020,12,410,2020W41
1897,Utah,2020,13,394,2020W41
1898,Utah,2020,14,408,2020W41
1899,Utah,2020,15,382,2020W41
1900,Utah,2020,16,387,2020W41
1901,Utah,2020,17,404,2020W41
1902,Utah,2020,18,379,2020W41
1903,Utah,2020,19,371,2020W41
1904,Utah,2020,20,403,2020W41
1905,Utah,2020,21,374,2020W41
1906,Utah,2020,22,390,2020W41
1907,Utah,2020,23,402,2020W41
1908,Utah,2020,24,387,2020W41
1909,Utah,2020,25,400,2020W41
1910,Utah,2020,26,384,2020W41
1911,Utah,2020,27,438,2020W41
1912,Utah,2020,28,407,2020W41
1913,Utah,2020,29,432,2020W41
1914,Utah,2020,30,435,2020W41
1915,Utah,2020,31,434,2020W41
1916,Utah,2020,32,450,2020W41
1917,Utah,2020,33,448,2020W41
1918,Utah,2020,34,420,2020W41
1919,Utah,2020,35,375,2020W41
1920,Utah,2020,36,362,2020W41
1921,Utah,2020,37,378,2020W41
1922,Utah,2020,38,395,2020W41
1923,Utah,2020,39,433,2020W41
1924,Utah,2020,40,384,2020W41
1925,Utah,2020,41,384,2020W41
1926,Vermont,2020,1,92,2020W41
1927,Vermont,2020,2,111,2020W41
1928,Vermont,2020,3,125,2020W41
1929,Vermont,2020,4,119,2020W41
1930,Vermont,2020,5,96,2020W41
1931,Vermont,2020,6,121,2020W41
1932,Vermont,2020,7,126,2020W41
1933,Vermont,2020,8,107,2020W41
1934,Vermont,2020,9,137,2020W41
1935,Vermont,2020,10,115,2020W41
1936,Vermont,2020,11,162,2020W41
1937,Vermont,2020,12,135,2020W41
1938,Vermont,2020,13,106,2020W41
1939,Vermont,2020,14,130,2020W41
1940,Vermont,2020,15,127,2020W41
1941,Vermont,2020,16,129,2020W41
1942,Vermont,2020,17,120,2020W41
1943,Vermont,2020,18,109,2020W41
1944,Vermont,2020,19,112,2020W41
1945,Vermont,2020,20,115,2020W41
1946,Vermont,2020,21,103,2020W41
1947,Vermont,2020,22,131,2020W41
1948,Vermont,2020,23,127,2020W41
1949,Vermont,2020,24,103,2020W41
1950,Vermont,2020,25,90,2020W41
1951,Vermont,2020,26,124,2020W41
1952,Vermont,2020,27,91,2020W41
1953,Vermont,2020,28,112,2020W41
1954,Vermont,2020,29,86,2020W41
1955,Vermont,2020,30,131,2020W41
1956,Vermont,2020,31,103,2020W41
1957,Vermont,2020,32,102,2020W41
1958,Vermont,2020,33,124,2020W41
1959,Vermont,2020,34,117,2020W41
1960,Vermont,2020,35,100,2020W41
1961,Vermont,2020,36,113,2020W41
1962,Vermont,2020,37,113,2020W41
1963,Vermont,2020,38,113,2020W41
1964,Vermont,2020,39,132,2020W41
1965,Vermont,2020,40,103,2020W41
1966,Vermont,2020,41,102,2020W41
1967,Virginia,2020,1,1428,2020W41
1968,Virginia,2020,2,1534,2020W41
1969,Virginia,2020,3,1420,2020W41
1970,Virginia,2020,4,1280,2020W41
1971,Virginia,2020,5,1423,2020W41
1972,Virginia,2020,6,1524,2020W41
1973,Virginia,2020,7,1377,2020W41
1974,Virginia,2020,8,1444,2020W41
1975,Virginia,2020,9,1387,2020W41
1976,Virginia,2020,10,1479,2020W41
1977,Virginia,2020,11,1435,2020W41
1978,Virginia,2020,12,1454,2020W41
1979,Virginia,2020,13,1517,2020W41
1980,Virginia,2020,14,1467,2020W41
1981,Virginia,2020,15,1619,2020W41
1982,Virginia,2020,16,1600,2020W41
1983,Virginia,2020,17,1629,2020W41
1984,Virginia,2020,18,1668,2020W41
1985,Virginia,2020,19,1591,2020W41
1986,Virginia,2020,20,1564,2020W41
1987,Virginia,2020,21,1462,2020W41
1988,Virginia,2020,22,1443,2020W41
1989,Virginia,2020,23,1410,2020W41
1990,Virginia,2020,24,1422,2020W41
1991,Virginia,2020,25,1291,2020W41
1992,Virginia,2020,26,1454,2020W41
1993,Virginia,2020,27,1391,2020W41
1994,Virginia,2020,28,1483,2020W41
1995,Virginia,2020,29,1387,2020W41
1996,Virginia,2020,30,1457,2020W41
1997,Virginia,2020,31,1452,2020W41
1998,Virginia,2020,32,1502,2020W41
1999,Virginia,2020,33,1440,2020W41
2000,Virginia,2020,34,1443,2020W41
2001,Virginia,2020,35,1429,2020W41
2002,Virginia,2020,36,1444,2020W41
2003,Virginia,2020,37,1415,2020W41
2004,Virginia,2020,38,1359,2020W41
2005,Virginia,2020,39,1178,2020W41
2006,Virginia,2020,40,1376,2020W41
2007,Virginia,2020,41,1120,2020W41
2008,Washington,2020,1,1184,2020W41
2009,Washington,2020,2,1245,2020W41
2010,Washington,2020,3,1221,2020W41
2011,Washington,2020,4,1193,2020W41
2012,Washington,2020,5,1198,2020W41
2013,Washington,2020,6,1178,2020W41
2014,Washington,2020,7,1179,2020W41
2015,Washington,2020,8,1115,2020W41
2016,Washington,2020,9,1134,2020W41
2017,Washington,2020,10,1208,2020W41
2018,Washington,2020,11,1165,2020W41
2019,Washington,2020,12,1223,2020W41
2020,Washington,2020,13,1293,2020W41
2021,Washington,2020,14,1304,2020W41
2022,Washington,2020,15,1304,2020W41
2023,Washington,2020,16,1251,2020W41
2024,Washington,2020,17,1230,2020W41
2025,Washington,2020,18,1155,2020W41
2026,Washington,2020,19,1210,2020W41
2027,Washington,2020,20,1138,2020W41
2028,Washington,2020,21,1114,2020W41
2029,Washington,2020,22,1057,2020W41
2030,Washington,2020,23,1054,2020W41
2031,Washington,2020,24,1100,2020W41
2032,Washington,2020,25,1126,2020W41
2033,Washington,2020,26,1083,2020W41
2034,Washington,2020,27,1121,2020W41
2035,Washington,2020,28,1156,2020W41
2036,Washington,2020,29,1174,2020W41
2037,Washington,2020,30,1173,2020W41
2038,Washington,2020,31,1225,2020W41
2039,Washington,2020,32,1225,2020W41
2040,Washington,2020,33,1166,2020W41
2041,Washington,2020,34,1192,2020W41
2042,Washington,2020,35,1105,2020W41
2043,Washington,2020,36,1217,2020W41
2044,Washington,2020,37,1138,2020W41
2045,Washington,2020,38,1166,2020W41
2046,Washington,2020,39,1139,2020W41
2047,Washington,2020,40,1075,2020W41
2048,Washington,2020,41,830,2020W41
2049,West Virginia,2020,1,472,2020W41
2050,West Virginia,2020,2,494,2020W41
2051,West Virginia,2020,3,519,2020W41
2052,West Virginia,2020,4,440,2020W41
2053,West Virginia,2020,5,479,2020W41
2054,West Virginia,2020,6,480,2020W41
2055,West Virginia,2020,7,475,2020W41
2056,West Virginia,2020,8,466,2020W41
2057,West Virginia,2020,9,458,2020W41
2058,West Virginia,2020,10,482,2020W41
2059,West Virginia,2020,11,472,2020W41
2060,West Virginia,2020,12,470,2020W41
2061,West Virginia,2020,13,488,2020W41
2062,West Virginia,2020,14,452,2020W41
2063,West Virginia,2020,15,493,2020W41
2064,West Virginia,2020,16,375,2020W41
2065,West Virginia,2020,17,432,2020W41
2066,West Virginia,2020,18,458,2020W41
2067,West Virginia,2020,19,443,2020W41
2068,West Virginia,2020,20,472,2020W41
2069,West Virginia,2020,21,434,2020W41
2070,West Virginia,2020,22,407,2020W41
2071,West Virginia,2020,23,396,2020W41
2072,West Virginia,2020,24,441,2020W41
2073,West Virginia,2020,25,411,2020W41
2074,West Virginia,2020,26,452,2020W41
2075,West Virginia,2020,27,415,2020W41
2076,West Virginia,2020,28,421,2020W41
2077,West Virginia,2020,29,414,2020W41
2078,West Virginia,2020,30,479,2020W41
2079,West Virginia,2020,31,444,2020W41
2080,West Virginia,2020,32,451,2020W41
2081,West Virginia,2020,33,386,2020W41
2082,West Virginia,2020,34,377,2020W41
2083,West Virginia,2020,35,306,2020W41
2084,West Virginia,2020,36,257,2020W41
2085,West Virginia,2020,37,193,2020W41
2086,West Virginia,2020,38,95,2020W41
2087,West Virginia,2020,39,37,2020W41
2088,West Virginia,2020,40,15,2020W41
2089,West Virginia,2020,41,,2020W41
2090,Wisconsin,2020,1,1118,2020W41
2091,Wisconsin,2020,2,1060,2020W41
2092,Wisconsin,2020,3,1133,2020W41
2093,Wisconsin,2020,4,1086,2020W41
2094,Wisconsin,2020,5,1176,2020W41
2095,Wisconsin,2020,6,1055,2020W41
2096,Wisconsin,2020,7,1125,2020W41
2097,Wisconsin,2020,8,1161,2020W41
2098,Wisconsin,2020,9,1136,2020W41
2099,Wisconsin,2020,10,1116,2020W41
2100,Wisconsin,2020,11,1105,2020W41
2101,Wisconsin,2020,12,1114,2020W41
2102,Wisconsin,2020,13,1146,2020W41
2103,Wisconsin,2020,14,1221,2020W41
2104,Wisconsin,2020,15,1170,2020W41
2105,Wisconsin,2020,16,1150,2020W41
2106,Wisconsin,2020,17,1026,2020W41
2107,Wisconsin,2020,18,1162,2020W41
2108,Wisconsin,2020,19,1080,2020W41
2109,Wisconsin,2020,20,1022,2020W41
2110,Wisconsin,2020,21,1075,2020W41
2111,Wisconsin,2020,22,1138,2020W41
2112,Wisconsin,2020,23,1043,2020W41
2113,Wisconsin,2020,24,1025,2020W41
2114,Wisconsin,2020,25,1084,2020W41
2115,Wisconsin,2020,26,1033,2020W41
2116,Wisconsin,2020,27,1066,2020W41
2117,Wisconsin,2020,28,1047,2020W41
2118,Wisconsin,2020,29,1036,2020W41
2119,Wisconsin,2020,30,1100,2020W41
2120,Wisconsin,2020,31,1056,2020W41
2121,Wisconsin,2020,32,1096,2020W41
2122,Wisconsin,2020,33,1122,2020W41
2123,Wisconsin,2020,34,1056,2020W41
2124,Wisconsin,2020,35,1076,2020W41
2125,Wisconsin,2020,36,1031,2020W41
2126,Wisconsin,2020,37,1053,2020W41
2127,Wisconsin,2020,38,1127,2020W41
2128,Wisconsin,2020,39,1081,2020W41
2129,Wisconsin,2020,40,1110,2020W41
2130,Wisconsin,2020,41,932,2020W41
2131,Wyoming,2020,1,144,2020W41
2132,Wyoming,2020,2,81,2020W41
2133,Wyoming,2020,3,103,2020W41
2134,Wyoming,2020,4,96,2020W41
2135,Wyoming,2020,5,94,2020W41
2136,Wyoming,2020,6,97,2020W41
2137,Wyoming,2020,7,75,2020W41
2138,Wyoming,2020,8,101,2020W41
2139,Wyoming,2020,9,100,2020W41
2140,Wyoming,2020,10,80,2020W41
2141,Wyoming,2020,11,85,2020W41
2142,Wyoming,2020,12,117,2020W41
2143,Wyoming,2020,13,88,2020W41
2144,Wyoming,2020,14,123,2020W41
2145,Wyoming,2020,15,102,2020W41
2146,Wyoming,2020,16,89,2020W41
2147,Wyoming,2020,17,98,2020W41
2148,Wyoming,2020,18,68,2020W41
2149,Wyoming,2020,19,83,2020W41
2150,Wyoming,2020,20,101,2020W41
2151,Wyoming,2020,21,96,2020W41
2152,Wyoming,2020,22,84,2020W41
2153,Wyoming,2020,23,105,2020W41
2154,Wyoming,2020,24,96,2020W41
2155,Wyoming,2020,25,93,2020W41
2156,Wyoming,2020,26,89,2020W41
2157,Wyoming,2020,27,102,2020W41
2158,Wyoming,2020,28,104,2020W41
2159,Wyoming,2020,29,101,2020W41
2160,Wyoming,2020,30,95,2020W41
2161,Wyoming,2020,31,90,2020W41
2162,Wyoming,2020,32,106,2020W41
2163,Wyoming,2020,33,113,2020W41
2164,Wyoming,2020,34,99,2020W41
2165,Wyoming,2020,35,89,2020W41
2166,Wyoming,2020,36,107,2020W41
2167,Wyoming,2020,37,119,2020W41
2168,Wyoming,2020,38,91,2020W41
2169,Wyoming,2020,39,98,2020W41
2170,Wyoming,2020,40,100,2020W41
2171,Wyoming,2020,41,64,2020W41
2172,United States,2020,1,60125,2020W41
2173,United States,2020,2,60646,2020W41
2174,United States,2020,3,59216,2020W41
2175,United States,2020,4,58821,2020W41
2176,United States,2020,5,58614,2020W41
2177,United States,2020,6,59339,2020W41
2178,United States,2020,7,58741,2020W41
2179,United States,2020,8,58772,2020W41
2180,United States,2020,9,59212,2020W41
2181,United States,2020,10,59589,2020W41
2182,United States,2020,11,58621,2020W41
2183,United States,2020,12,59130,2020W41
2184,United States,2020,13,62918,2020W41
2185,United States,2020,14,72164,2020W41
2186,United States,2020,15,78956,2020W41
2187,United States,2020,16,76612,2020W41
2188,United States,2020,17,73699,2020W41
2189,United States,2020,18,69099,2020W41
2190,United States,2020,19,66694,2020W41
2191,United States,2020,20,64359,2020W41
2192,United States,2020,21,61475,2020W41
2193,United States,2020,22,59498,2020W41
2194,United States,2020,23,58722,2020W41
2195,United States,2020,24,57841,2020W41
2196,United States,2020,25,57763,2020W41
2197,United States,2020,26,58238,2020W41
2198,United States,2020,27,59527,2020W41
2199,United States,2020,28,61561,2020W41
2200,United States,2020,29,62756,2020W41
2201,United States,2020,30,63791,2020W41
2202,United States,2020,31,63624,2020W41
2203,United States,2020,32,62847,2020W41
2204,United States,2020,33,62326,2020W41
2205,United States,2020,34,60556,2020W41
2206,United States,2020,35,58104,2020W41
2207,United States,2020,36,56474,2020W41
2208,United States,2020,37,55229,2020W41
2209,United States,2020,38,54198,2020W41
2210,United States,2020,39,53096,2020W41
2211,United States,2020,40,48917,2020W41
2212,United States,2020,41,40239,2020W41
